,date,result,gf,ga,opponent,xg,xga,poss,attendance,captain,formation,referee,sh,sot,dist,fk,pk,pkatt,team,venue_code,opp_code,hour,day_code,target
1,2023-08-12,W,2.0,1.0,Nott'ham Forest,0.8,1.2,78.0,59984.0,Martin Ødegaard,4-3-3,Michael Oliver,15.0,7.0,19.1,0.0,0,0,Arsenal,1,15,12.5,5,1
2,2023-08-21,W,1.0,0.0,Crystal Palace,2.0,1.0,53.0,24189.0,Martin Ødegaard,4-3-3,David Coote,13.0,2.0,16.4,0.0,1,1,Arsenal,0,7,20.0,0,1
3,2023-08-26,D,2.0,2.0,Fulham,3.2,0.6,71.0,59961.0,Martin Ødegaard,4-3-3,Paul Tierney,18.0,9.0,13.8,0.0,1,1,Arsenal,1,9,15.0,5,0
4,2023-09-03,W,3.0,1.0,Manchester Utd,2.3,0.9,55.0,60192.0,Martin Ødegaard,4-3-3,Anthony Taylor,17.0,5.0,15.0,0.0,0,0,Arsenal,1,13,16.5,6,1
5,2023-09-17,W,1.0,0.0,Everton,1.0,0.3,74.0,39217.0,Martin Ødegaard,4-3-3,Simon Hooper,13.0,4.0,17.4,0.0,0,0,Arsenal,0,8,16.5,6,1
7,2023-09-24,D,2.0,2.0,Tottenham,1.8,1.4,47.0,60156.0,Martin Ødegaard,4-3-3,Robert Jones,12.0,4.0,16.9,0.0,1,1,Arsenal,1,17,14.0,6,0
9,2023-09-30,W,4.0,0.0,Bournemouth,3.4,0.6,57.0,11193.0,Martin Ødegaard,4-3-3,Michael Salisbury,13.0,6.0,15.5,0.0,2,2,Arsenal,0,2,15.0,5,1
11,2023-10-08,W,1.0,0.0,Manchester City,0.4,0.5,49.0,60233.0,Martin Ødegaard,4-3-3,Michael Oliver,12.0,2.0,19.2,0.0,0,0,Arsenal,1,12,16.5,6,1
12,2023-10-21,D,2.0,2.0,Chelsea,1.0,1.3,56.0,39723.0,Martin Ødegaard,4-3-3,Chris Kavanagh,13.0,3.0,14.3,0.0,0,0,Arsenal,0,6,17.5,5,0
14,2023-10-28,W,5.0,0.0,Sheffield Utd,2.8,0.0,67.0,60153.0,Bukayo Saka,4-3-3,Tim Robinson,12.0,6.0,17.0,0.0,1,1,Arsenal,1,16,15.0,5,1
16,2023-11-04,L,0.0,1.0,Newcastle Utd,0.6,1.0,58.0,52194.0,Jorginho,4-3-3,Stuart Attwell,14.0,1.0,20.7,0.0,0,0,Arsenal,0,14,17.5,5,0
18,2023-11-11,W,3.0,1.0,Burnley,1.8,0.3,63.0,60232.0,Jorginho,4-3-3,Michael Oliver,16.0,6.0,13.8,0.0,0,0,Arsenal,1,5,15.0,5,1
19,2023-11-25,W,1.0,0.0,Brentford,1.6,1.1,63.0,17201.0,Martin Ødegaard,4-3-3,Tim Robinson,15.0,4.0,15.2,0.0,0,0,Arsenal,0,3,17.5,5,1
21,2023-12-02,W,2.0,1.0,Wolves,2.8,0.7,57.0,60262.0,Martin Ødegaard,4-3-3,Peter Bankes,19.0,6.0,15.6,0.0,0,0,Arsenal,1,19,15.0,5,1
22,2023-12-05,W,4.0,3.0,Luton Town,2.2,0.5,66.0,11031.0,Martin Ødegaard,4-3-3,Samuel Barrott,23.0,9.0,15.5,0.0,0,0,Arsenal,0,11,20.25,1,1
23,2023-12-09,L,0.0,1.0,Aston Villa,1.4,0.6,61.0,42000.0,Martin Ødegaard,4-3-3,Jarred Gillett,12.0,3.0,14.8,1.0,0,0,Arsenal,0,1,17.5,5,0
25,2023-12-17,W,2.0,0.0,Brighton,2.3,0.7,49.0,60257.0,Martin Ødegaard,4-3-3,Tim Robinson,26.0,8.0,14.2,0.0,0,0,Arsenal,1,4,14.0,6,1
26,2023-12-23,D,1.0,1.0,Liverpool,0.7,1.0,48.0,57548.0,Martin Ødegaard,4-3-3,Chris Kavanagh,13.0,2.0,17.2,0.0,0,0,Arsenal,0,10,17.5,5,0
27,2023-12-28,L,0.0,2.0,West Ham,2.7,1.4,73.0,60261.0,Martin Ødegaard,4-3-3,Michael Oliver,30.0,8.0,16.8,0.0,0,0,Arsenal,1,18,20.25,3,0
28,2023-12-31,L,1.0,2.0,Fulham,1.6,1.2,60.0,24444.0,Martin Ødegaard,4-3-3,Joshua Smith,13.0,3.0,15.4,1.0,0,0,Arsenal,0,9,14.0,6,0
30,2024-01-20,W,5.0,0.0,Crystal Palace,3.3,0.3,60.0,60284.0,Martin Ødegaard,4-3-3,Paul Tierney,21.0,7.0,16.7,0.0,0,0,Arsenal,1,7,12.5,5,1
31,2024-01-30,W,2.0,1.0,Nott'ham Forest,1.2,0.5,73.0,29387.0,Martin Ødegaard,4-3-3,Simon Hooper,19.0,3.0,17.6,0.0,0,0,Arsenal,0,15,19.5,1,1
32,2024-02-04,W,3.0,1.0,Liverpool,3.5,0.4,43.0,60374.0,Martin Ødegaard,4-3-3,Anthony Taylor,15.0,7.0,14.2,0.0,0,0,Arsenal,1,10,16.5,6,1
33,2024-02-11,W,6.0,0.0,West Ham,3.6,0.2,70.0,62475.0,Martin Ødegaard,4-3-3,Craig Pawson,24.0,11.0,16.0,0.0,1,1,Arsenal,0,18,14.0,6,1
34,2024-02-17,W,5.0,0.0,Burnley,2.3,0.3,64.0,21311.0,Martin Ødegaard,4-3-3,Jarred Gillett,15.0,6.0,16.8,1.0,1,1,Arsenal,0,5,15.0,5,1
36,2024-02-24,W,4.0,1.0,Newcastle Utd,2.8,0.2,55.0,60298.0,Martin Ødegaard,4-3-3,Paul Tierney,18.0,7.0,13.8,0.0,0,0,Arsenal,1,14,20.0,5,1
37,2024-03-04,W,6.0,0.0,Sheffield Utd,2.3,0.2,80.0,29157.0,Martin Ødegaard,4-3-3,Samuel Barrott,22.0,9.0,15.6,1.0,0,0,Arsenal,0,16,20.0,0,1
38,2024-03-09,W,2.0,1.0,Brentford,1.3,1.0,71.0,60331.0,Martin Ødegaard,4-3-3,Robert Jones,17.0,5.0,16.4,0.0,0,0,Arsenal,1,3,17.5,5,1
40,2024-03-31,D,0.0,0.0,Manchester City,0.7,1.0,28.0,52178.0,Martin Ødegaard,4-3-3,Anthony Taylor,6.0,2.0,14.2,0.0,0,0,Arsenal,0,12,16.5,6,0
41,2024-04-03,W,2.0,0.0,Luton Town,0.7,0.3,58.0,60262.0,Martin Ødegaard,4-3-3,Craig Pawson,13.0,4.0,17.8,0.0,0,0,Arsenal,1,11,19.5,2,1
42,2024-04-06,W,3.0,0.0,Brighton,3.4,0.5,46.0,31677.0,Martin Ødegaard,4-3-3,John Brooks,19.0,6.0,12.4,0.0,1,1,Arsenal,0,4,17.5,5,1
44,2024-04-14,L,0.0,2.0,Aston Villa,1.6,0.9,52.0,60350.0,Martin Ødegaard,4-3-3,David Coote,18.0,4.0,17.2,1.0,0,0,Arsenal,1,1,16.5,6,0
46,2024-04-20,W,2.0,0.0,Wolves,1.2,0.2,54.0,31621.0,Martin Ødegaard,4-3-3,Paul Tierney,24.0,9.0,17.8,0.0,0,0,Arsenal,0,19,19.5,5,1
47,2024-04-23,W,5.0,0.0,Chelsea,3.3,1.6,45.0,60238.0,Martin Ødegaard,4-3-3,Simon Hooper,27.0,10.0,16.3,0.0,0,0,Arsenal,1,6,20.0,1,1
48,2024-04-28,W,3.0,2.0,Tottenham,1.0,2.3,38.0,61554.0,Martin Ødegaard,4-3-3,Michael Oliver,9.0,3.0,14.3,1.0,0,0,Arsenal,0,17,14.0,6,1
49,2024-05-04,W,3.0,0.0,Bournemouth,3.3,0.5,55.0,60348.0,Martin Ødegaard,4-3-3,David Coote,24.0,8.0,14.0,0.0,1,1,Arsenal,1,2,12.5,5,1
1,2023-08-11,W,3.0,0.0,Burnley,1.9,0.3,65.0,21572.0,Kevin De Bruyne,4-2-3-1,Craig Pawson,17.0,8.0,13.9,0.0,0,0,Manchester City,0,5,20.0,4,1
3,2023-08-19,W,1.0,0.0,Newcastle Utd,1.0,0.3,59.0,53419.0,Kyle Walker,4-2-3-1,Robert Jones,14.0,4.0,17.9,0.0,0,0,Manchester City,1,14,20.0,5,1
4,2023-08-27,W,2.0,1.0,Sheffield Utd,3.5,0.7,79.0,31336.0,Kyle Walker,4-2-3-1,Jarred Gillett,29.0,9.0,17.3,2.0,0,1,Manchester City,0,16,14.0,6,1
5,2023-09-02,W,5.0,1.0,Fulham,2.2,1.4,68.0,52899.0,Kyle Walker,4-2-3-1,Michael Oliver,6.0,4.0,14.8,0.0,1,1,Manchester City,1,9,15.0,5,1
6,2023-09-16,W,3.0,1.0,West Ham,3.6,0.9,68.0,62475.0,Kyle Walker,4-2-3-1,Andy Madley,29.0,13.0,16.4,1.0,0,0,Manchester City,0,18,15.0,5,1
8,2023-09-23,W,2.0,0.0,Nott'ham Forest,1.3,1.0,57.0,53413.0,Kyle Walker,4-2-3-1,Anthony Taylor,7.0,4.0,17.2,2.0,0,0,Manchester City,1,15,15.0,5,1
10,2023-09-30,L,1.0,2.0,Wolves,0.9,0.4,68.0,31415.0,Kyle Walker,4-2-3-1,Craig Pawson,23.0,8.0,19.3,1.0,0,0,Manchester City,0,19,15.0,5,0
12,2023-10-08,L,0.0,1.0,Arsenal,0.5,0.4,51.0,60233.0,Kyle Walker,4-3-3,Michael Oliver,4.0,0.0,14.9,0.0,0,0,Manchester City,0,0,16.5,6,0
13,2023-10-21,W,2.0,1.0,Brighton,0.8,0.8,55.0,53466.0,Kyle Walker,3-2-4-1,Robert Jones,10.0,5.0,18.8,1.0,0,0,Manchester City,1,4,15.0,5,1
15,2023-10-29,W,3.0,0.0,Manchester Utd,4.0,0.9,60.0,73502.0,Kyle Walker,4-2-3-1,Paul Tierney,20.0,9.0,17.2,2.0,1,1,Manchester City,0,13,15.5,6,1
16,2023-11-04,W,6.0,1.0,Bournemouth,1.9,0.9,65.0,53358.0,Kyle Walker,3-4-3,Craig Pawson,21.0,8.0,16.4,0.0,0,0,Manchester City,1,2,15.0,5,1
18,2023-11-12,D,4.0,4.0,Chelsea,2.9,2.9,55.0,39532.0,Kyle Walker,3-2-4-1,Anthony Taylor,14.0,9.0,16.6,1.0,1,1,Manchester City,0,6,16.5,6,0
19,2023-11-25,D,1.0,1.0,Liverpool,1.3,0.6,59.0,53289.0,Kyle Walker,3-2-4-1,Chris Kavanagh,16.0,5.0,16.3,1.0,0,0,Manchester City,1,10,12.5,5,0
21,2023-12-03,D,3.0,3.0,Tottenham,2.6,0.5,55.0,53473.0,Kyle Walker,3-2-4-1,Simon Hooper,17.0,4.0,13.4,0.0,0,0,Manchester City,1,17,16.5,6,0
22,2023-12-06,L,0.0,1.0,Aston Villa,0.6,2.3,54.0,41421.0,Kyle Walker,3-2-4-1,John Brooks,2.0,2.0,7.4,0.0,0,0,Manchester City,0,1,20.25,2,0
23,2023-12-10,W,2.0,1.0,Luton Town,1.6,0.3,65.0,11047.0,Kyle Walker,4-2-3-1,Tim Robinson,18.0,6.0,18.7,1.0,0,0,Manchester City,0,11,14.0,6,1
25,2023-12-16,D,2.0,2.0,Crystal Palace,1.6,1.8,74.0,53248.0,Kyle Walker,4-2-3-1,Paul Tierney,19.0,9.0,18.2,0.0,0,0,Manchester City,1,7,15.0,5,0
26,2023-12-27,W,3.0,1.0,Everton,2.4,1.0,72.0,39327.0,Kyle Walker,4-2-3-1,John Brooks,22.0,8.0,19.5,1.0,1,1,Manchester City,0,8,20.25,2,1
27,2023-12-30,W,2.0,0.0,Sheffield Utd,2.2,0.3,80.0,53108.0,Kyle Walker,4-2-3-1,David Coote,18.0,4.0,17.4,0.0,0,0,Manchester City,1,16,15.0,5,1
29,2024-01-13,W,3.0,2.0,Newcastle Utd,3.0,1.3,72.0,52190.0,Kyle Walker,4-2-3-1,Chris Kavanagh,27.0,11.0,19.3,2.0,0,0,Manchester City,0,14,17.5,5,1
31,2024-01-31,W,3.0,1.0,Burnley,1.7,1.4,74.0,52143.0,Kevin De Bruyne,4-2-3-1,Samuel Barrott,14.0,4.0,15.8,1.0,0,0,Manchester City,1,5,19.5,2,1
32,2024-02-05,W,3.0,1.0,Brentford,2.1,1.0,72.0,17096.0,Kyle Walker,4-1-4-1,Jarred Gillett,25.0,15.0,19.2,0.0,0,0,Manchester City,0,3,20.0,0,1
33,2024-02-10,W,2.0,0.0,Everton,1.6,0.3,72.0,52187.0,Rúben Dias,4-1-4-1,John Brooks,19.0,3.0,17.4,0.0,0,0,Manchester City,1,8,12.5,5,1
35,2024-02-17,D,1.0,1.0,Chelsea,2.6,1.4,70.0,52178.0,Kyle Walker,4-1-4-1,Andy Madley,31.0,5.0,15.9,1.0,0,0,Manchester City,1,6,17.5,5,0
36,2024-02-20,W,1.0,0.0,Brentford,2.3,0.4,70.0,52247.0,Kyle Walker,4-2-3-1,Darren England,25.0,10.0,17.6,0.0,0,0,Manchester City,1,3,19.5,1,1
37,2024-02-24,W,1.0,0.0,Bournemouth,1.6,0.9,62.0,11184.0,Rúben Dias,3-2-4-1,Jarred Gillett,15.0,6.0,15.5,1.0,0,0,Manchester City,0,2,17.5,5,1
39,2024-03-03,W,3.0,1.0,Manchester Utd,3.3,0.2,73.0,53514.0,Kyle Walker,3-2-4-1,Andy Madley,27.0,8.0,17.7,1.0,0,0,Manchester City,1,13,15.5,6,1
41,2024-03-10,D,1.0,1.0,Liverpool,1.6,2.7,47.0,59947.0,Kyle Walker,3-2-4-1,Michael Oliver,10.0,6.0,18.6,0.0,0,0,Manchester City,0,10,15.75,6,0
43,2024-03-31,D,0.0,0.0,Arsenal,1.0,0.7,72.0,52178.0,Kevin De Bruyne,4-1-4-1,Anthony Taylor,12.0,1.0,14.2,0.0,0,0,Manchester City,1,0,16.5,6,0
44,2024-04-03,W,4.0,1.0,Aston Villa,3.4,0.8,67.0,53422.0,Rúben Dias,4-2-3-1,Darren England,25.0,11.0,15.9,2.0,0,0,Manchester City,1,1,20.25,2,1
45,2024-04-06,W,4.0,2.0,Crystal Palace,1.9,1.1,75.0,25132.0,Kevin De Bruyne,3-2-4-1,Paul Tierney,18.0,8.0,16.1,0.0,0,0,Manchester City,0,7,12.5,5,1
47,2024-04-13,W,5.0,1.0,Luton Town,4.2,0.5,73.0,52149.0,Kevin De Bruyne,4-2-3-1,John Brooks,36.0,12.0,16.9,0.0,1,1,Manchester City,1,11,15.0,5,1
50,2024-04-25,W,4.0,0.0,Brighton,1.4,0.6,65.0,31596.0,Kyle Walker,4-1-4-1,Jarred Gillett,14.0,6.0,17.0,1.0,0,0,Manchester City,0,4,20.0,3,1
51,2024-04-28,W,2.0,0.0,Nott'ham Forest,0.9,1.9,66.0,29677.0,Kyle Walker,4-1-4-1,Simon Hooper,11.0,5.0,18.7,1.0,0,0,Manchester City,0,15,16.5,6,1
52,2024-05-04,W,5.0,1.0,Wolves,3.7,0.3,58.0,52439.0,Kyle Walker,4-2-3-1,Craig Pawson,18.0,10.0,15.3,0.0,2,2,Manchester City,1,19,17.5,5,1
0,2023-08-13,D,1.0,1.0,Chelsea,1.3,1.4,35.0,40096.0,Virgil van Dijk,4-3-3,Anthony Taylor,13.0,1.0,17.8,0.0,0,0,Liverpool,0,6,16.5,6,0
1,2023-08-19,W,3.0,1.0,Bournemouth,3.0,1.3,64.0,53145.0,Virgil van Dijk,4-3-3,Thomas Bramall,25.0,9.0,16.8,1.0,0,1,Liverpool,1,2,15.0,5,1
2,2023-08-27,W,2.0,1.0,Newcastle Utd,0.9,2.0,41.0,52214.0,Virgil van Dijk,4-3-3,John Brooks,9.0,4.0,17.2,1.0,0,0,Liverpool,0,14,16.5,6,1
3,2023-09-03,W,3.0,0.0,Aston Villa,2.5,0.7,63.0,50109.0,Trent Alexander-Arnold,4-3-3,Simon Hooper,17.0,4.0,14.7,0.0,0,0,Liverpool,1,1,14.0,6,1
4,2023-09-16,W,3.0,1.0,Wolves,2.5,0.6,65.0,31257.0,Andrew Robertson,4-3-3,Michael Oliver,16.0,5.0,15.8,0.0,0,0,Liverpool,0,19,12.5,5,1
6,2023-09-24,W,3.0,1.0,West Ham,3.0,1.1,63.0,50136.0,Virgil van Dijk,4-3-3,Chris Kavanagh,21.0,6.0,19.3,2.0,1,1,Liverpool,1,18,14.0,6,1
8,2023-09-30,L,1.0,2.0,Tottenham,1.3,2.2,36.0,62001.0,Virgil van Dijk,4-3-3,Simon Hooper,12.0,4.0,14.9,0.0,0,0,Liverpool,0,17,17.5,5,0
10,2023-10-08,D,2.0,2.0,Brighton,2.3,2.3,54.0,31752.0,Virgil van Dijk,4-3-3,Anthony Taylor,13.0,3.0,18.8,0.0,1,1,Liverpool,0,4,14.0,6,0
11,2023-10-21,W,2.0,0.0,Everton,2.2,0.1,77.0,50201.0,Virgil van Dijk,4-3-3,Craig Pawson,25.0,5.0,22.4,1.0,1,1,Liverpool,1,8,12.5,5,1
13,2023-10-29,W,3.0,0.0,Nott'ham Forest,3.2,0.4,72.0,50143.0,Virgil van Dijk,4-3-3,Chris Kavanagh,21.0,8.0,19.5,2.0,0,0,Liverpool,1,15,14.0,6,1
15,2023-11-05,D,1.0,1.0,Luton Town,2.6,0.8,73.0,11049.0,Virgil van Dijk,4-3-3,Andy Madley,24.0,6.0,17.5,0.0,0,0,Liverpool,0,11,16.5,6,0
17,2023-11-12,W,3.0,0.0,Brentford,1.7,1.6,58.0,50151.0,Virgil van Dijk,4-3-3,Paul Tierney,17.0,10.0,19.0,0.0,0,0,Liverpool,1,3,14.0,6,1
18,2023-11-25,D,1.0,1.0,Manchester City,0.6,1.3,41.0,53289.0,Virgil van Dijk,4-3-3,Chris Kavanagh,8.0,3.0,15.9,0.0,0,0,Liverpool,0,12,12.5,5,0
20,2023-12-03,W,4.0,3.0,Fulham,2.1,1.2,61.0,50124.0,Virgil van Dijk,4-3-3,Stuart Attwell,26.0,12.0,18.9,1.0,0,0,Liverpool,1,9,14.0,6,1
21,2023-12-06,W,2.0,0.0,Sheffield Utd,1.7,1.0,75.0,31406.0,Virgil van Dijk,4-3-3,Simon Hooper,15.0,8.0,16.4,0.0,0,0,Liverpool,0,16,19.5,2,1
22,2023-12-09,W,2.0,1.0,Crystal Palace,1.2,1.7,76.0,25103.0,Virgil van Dijk,4-3-3,Andy Madley,14.0,2.0,17.4,0.0,0,0,Liverpool,0,7,12.5,5,1
24,2023-12-17,D,0.0,0.0,Manchester Utd,2.3,0.8,68.0,57158.0,Virgil van Dijk,4-3-3,Michael Oliver,34.0,8.0,17.7,0.0,0,0,Liverpool,1,13,16.5,6,0
26,2023-12-23,D,1.0,1.0,Arsenal,1.0,0.7,52.0,57548.0,Virgil van Dijk,4-3-3,Chris Kavanagh,13.0,3.0,20.1,1.0,0,0,Liverpool,1,0,17.5,5,0
27,2023-12-26,W,2.0,0.0,Burnley,1.8,0.8,68.0,21624.0,Virgil van Dijk,4-3-3,Paul Tierney,19.0,10.0,17.4,0.0,0,0,Liverpool,0,5,17.5,1,1
28,2024-01-01,W,4.0,2.0,Newcastle Utd,7.0,0.6,61.0,57471.0,Virgil van Dijk,4-3-3,Anthony Taylor,32.0,12.0,16.2,0.0,1,2,Liverpool,1,14,20.0,0,1
31,2024-01-21,W,4.0,0.0,Bournemouth,1.5,1.4,60.0,11228.0,Virgil van Dijk,4-3-3,Andy Madley,14.0,7.0,19.2,0.0,0,0,Liverpool,0,2,16.5,6,1
34,2024-01-31,W,4.0,1.0,Chelsea,2.9,0.6,50.0,57524.0,Virgil van Dijk,4-3-3,Paul Tierney,27.0,13.0,19.9,2.0,0,1,Liverpool,1,6,20.25,2,1
35,2024-02-04,L,1.0,3.0,Arsenal,0.4,3.5,57.0,60374.0,Virgil van Dijk,4-3-3,Anthony Taylor,10.0,1.0,19.7,0.0,0,0,Liverpool,0,0,16.5,6,0
36,2024-02-10,W,3.0,1.0,Burnley,2.8,1.3,70.0,59896.0,Virgil van Dijk,4-3-3,Tim Robinson,25.0,10.0,15.4,0.0,0,0,Liverpool,1,5,15.0,5,1
37,2024-02-17,W,4.0,1.0,Brentford,2.8,1.6,62.0,17193.0,Virgil van Dijk,4-3-3,Michael Oliver,15.0,8.0,15.9,1.0,0,0,Liverpool,0,3,12.5,5,1
38,2024-02-21,W,4.0,1.0,Luton Town,3.3,0.9,60.0,59713.0,Virgil van Dijk,4-3-3,Andy Madley,29.0,13.0,16.9,0.0,0,0,Liverpool,1,11,19.5,2,1
41,2024-03-02,W,1.0,0.0,Nott'ham Forest,2.0,1.0,69.0,29603.0,Virgil van Dijk,4-3-3,Paul Tierney,22.0,1.0,14.6,0.0,0,0,Liverpool,0,15,15.0,5,1
43,2024-03-10,D,1.0,1.0,Manchester City,2.7,1.6,53.0,59947.0,Virgil van Dijk,4-3-3,Michael Oliver,18.0,5.0,19.0,1.0,1,1,Liverpool,1,12,15.75,6,0
46,2024-03-31,W,2.0,1.0,Brighton,2.8,0.5,55.0,60061.0,Virgil van Dijk,4-3-3,David Coote,30.0,8.0,16.6,0.0,0,0,Liverpool,1,4,14.0,6,1
47,2024-04-04,W,3.0,1.0,Sheffield Utd,1.8,0.6,82.0,60055.0,Virgil van Dijk,4-3-3,Stuart Attwell,29.0,9.0,18.1,1.0,0,0,Liverpool,1,16,19.5,3,1
48,2024-04-07,D,2.0,2.0,Manchester Utd,3.6,0.7,62.0,73501.0,Virgil van Dijk,4-3-3,Anthony Taylor,27.0,6.0,17.5,0.0,1,1,Liverpool,0,13,15.5,6,0
50,2024-04-14,L,0.0,1.0,Crystal Palace,2.7,2.0,69.0,60090.0,Virgil van Dijk,4-3-3,Chris Kavanagh,21.0,5.0,12.5,1.0,0,0,Liverpool,1,7,14.0,6,0
52,2024-04-21,W,3.0,1.0,Fulham,1.0,0.8,60.0,24414.0,Virgil van Dijk,4-3-3,Craig Pawson,14.0,7.0,18.8,2.0,0,0,Liverpool,0,9,16.5,6,1
53,2024-04-24,L,0.0,2.0,Everton,2.1,1.2,75.0,38222.0,Virgil van Dijk,4-3-3,Andy Madley,23.0,7.0,16.8,0.0,0,0,Liverpool,0,8,20.0,2,0
54,2024-04-27,D,2.0,2.0,West Ham,1.7,0.7,71.0,62474.0,Virgil van Dijk,4-3-3,Anthony Taylor,28.0,8.0,16.6,1.0,0,0,Liverpool,0,18,12.5,5,0
55,2024-05-05,W,4.0,2.0,Tottenham,3.3,1.2,44.0,60075.0,Virgil van Dijk,4-3-3,Paul Tierney,25.0,12.0,15.3,0.0,0,0,Liverpool,1,17,16.5,6,1
0,2023-08-12,L,1.0,5.0,Newcastle Utd,1.8,3.3,48.0,52207.0,John McGinn,4-2-3-1,Andy Madley,16.0,6.0,14.5,1.0,0,0,Aston Villa,0,14,17.5,5,0
1,2023-08-20,W,4.0,0.0,Everton,2.9,0.6,60.0,41694.0,John McGinn,4-2-3-1,Anthony Taylor,12.0,6.0,18.5,0.0,1,1,Aston Villa,1,8,14.0,6,1
3,2023-08-27,W,3.0,1.0,Burnley,2.5,0.7,43.0,21591.0,John McGinn,3-4-3,Michael Salisbury,16.0,6.0,13.4,0.0,0,0,Aston Villa,0,5,14.0,6,1
5,2023-09-03,L,0.0,3.0,Liverpool,0.7,2.5,37.0,50109.0,John McGinn,4-4-2,Simon Hooper,9.0,3.0,12.5,0.0,0,0,Aston Villa,0,10,14.0,6,0
6,2023-09-16,W,3.0,1.0,Crystal Palace,3.0,1.2,66.0,40809.0,John McGinn,4-2-3-1,Darren England,15.0,4.0,16.2,0.0,1,1,Aston Villa,1,7,15.0,5,1
8,2023-09-24,W,1.0,0.0,Chelsea,1.0,1.3,47.0,39700.0,John McGinn,4-2-3-1,Jarred Gillett,15.0,7.0,18.2,1.0,0,0,Aston Villa,0,6,14.0,6,1
10,2023-09-30,W,6.0,1.0,Brighton,1.6,1.7,39.0,40636.0,John McGinn,4-2-3-1,Andy Madley,19.0,9.0,17.9,1.0,0,0,Aston Villa,1,4,12.5,5,1
12,2023-10-08,D,1.0,1.0,Wolves,1.6,1.7,53.0,31425.0,John McGinn,4-4-2,Robert Jones,18.0,4.0,16.6,0.0,0,0,Aston Villa,0,19,14.0,6,0
13,2023-10-22,W,4.0,1.0,West Ham,1.9,1.1,58.0,41734.0,John McGinn,4-4-2,David Coote,14.0,6.0,19.6,0.0,1,1,Aston Villa,1,18,16.5,6,1
15,2023-10-29,W,3.0,1.0,Luton Town,2.3,0.5,70.0,41785.0,John McGinn,4-4-2,John Brooks,17.0,6.0,14.5,0.0,0,0,Aston Villa,1,11,14.0,6,1
16,2023-11-05,L,0.0,2.0,Nott'ham Forest,1.2,0.4,73.0,29313.0,John McGinn,4-4-2,Jarred Gillett,13.0,3.0,14.0,0.0,0,0,Aston Villa,0,15,14.0,6,0
18,2023-11-12,W,3.0,1.0,Fulham,3.0,0.9,51.0,41608.0,John McGinn,4-2-2-2,Simon Hooper,12.0,6.0,13.5,0.0,0,0,Aston Villa,1,9,14.0,6,1
19,2023-11-26,W,2.0,1.0,Tottenham,1.7,2.3,38.0,61679.0,John McGinn,4-4-2,Robert Jones,15.0,5.0,16.6,1.0,0,0,Aston Villa,0,17,14.0,6,1
21,2023-12-03,D,2.0,2.0,Bournemouth,0.7,2.0,62.0,11191.0,John McGinn,4-4-2,Thomas Bramall,11.0,3.0,19.2,1.0,0,0,Aston Villa,0,2,14.0,6,0
22,2023-12-06,W,1.0,0.0,Manchester City,2.3,0.6,46.0,41421.0,John McGinn,4-4-1-1,John Brooks,22.0,7.0,18.9,0.0,0,0,Aston Villa,1,12,20.25,2,1
23,2023-12-09,W,1.0,0.0,Arsenal,0.6,1.4,39.0,42000.0,John McGinn,4-4-1-1,Jarred Gillett,10.0,3.0,20.8,1.0,0,0,Aston Villa,1,0,17.5,5,1
25,2023-12-17,W,2.0,1.0,Brentford,1.4,0.5,66.0,17034.0,John McGinn,3-5-2,David Coote,15.0,5.0,16.7,0.0,0,0,Aston Villa,0,3,14.0,6,1
26,2023-12-22,D,1.0,1.0,Sheffield Utd,0.9,0.6,77.0,41651.0,John McGinn,4-4-1-1,Anthony Taylor,12.0,4.0,17.5,0.0,0,0,Aston Villa,1,16,20.0,4,0
27,2023-12-26,L,2.0,3.0,Manchester Utd,1.7,1.1,54.0,73574.0,John McGinn,4-2-3-1,Craig Pawson,10.0,3.0,14.6,1.0,0,0,Aston Villa,0,13,20.0,1,0
28,2023-12-30,W,3.0,2.0,Burnley,3.2,1.2,64.0,41613.0,John McGinn,4-4-1-1,Stuart Attwell,18.0,6.0,16.9,1.0,1,1,Aston Villa,1,5,15.0,5,1
30,2024-01-14,D,0.0,0.0,Everton,1.2,1.1,68.0,39284.0,John McGinn,4-4-2,David Coote,16.0,4.0,14.2,0.0,0,0,Aston Villa,0,8,14.0,6,0
32,2024-01-30,L,1.0,3.0,Newcastle Utd,1.4,2.6,61.0,42191.0,John McGinn,4-4-2,John Brooks,12.0,5.0,14.3,0.0,0,0,Aston Villa,1,14,20.25,1,0
33,2024-02-03,W,5.0,0.0,Sheffield Utd,2.2,1.4,63.0,30187.0,John McGinn,4-2-3-1,Paul Tierney,14.0,9.0,15.8,1.0,0,0,Aston Villa,0,16,17.5,5,1
35,2024-02-11,L,1.0,2.0,Manchester Utd,2.4,1.8,56.0,42185.0,John McGinn,4-2-3-1,Robert Jones,23.0,9.0,16.7,1.0,0,0,Aston Villa,1,13,16.5,6,0
36,2024-02-17,W,2.0,1.0,Fulham,1.5,1.5,48.0,24401.0,John McGinn,4-2-3-1,Lewis Smith,12.0,3.0,16.8,1.0,0,0,Aston Villa,0,9,15.0,5,1
37,2024-02-24,W,4.0,2.0,Nott'ham Forest,3.6,2.6,58.0,42131.0,John McGinn,4-2-3-1,Samuel Barrott,16.0,6.0,14.3,2.0,0,0,Aston Villa,1,15,15.0,5,1
38,2024-03-02,W,3.0,2.0,Luton Town,1.9,1.8,54.0,11594.0,John McGinn,4-2-3-1,Michael Oliver,12.0,8.0,12.5,0.0,0,0,Aston Villa,0,11,17.5,5,1
40,2024-03-10,L,0.0,4.0,Tottenham,0.8,1.5,32.0,42310.0,John McGinn,5-3-2,Chris Kavanagh,10.0,1.0,14.1,0.0,0,0,Aston Villa,1,17,13.0,6,0
42,2024-03-17,D,1.0,1.0,West Ham,0.7,2.0,69.0,62461.0,Emiliano Martínez,4-4-2,Jarred Gillett,13.0,5.0,20.6,0.0,0,0,Aston Villa,0,18,14.0,6,0
43,2024-03-30,W,2.0,0.0,Wolves,1.0,1.5,48.0,42640.0,Emiliano Martínez,4-4-2,Paul Tierney,11.0,5.0,14.7,0.0,0,0,Aston Villa,1,19,17.5,5,1
44,2024-04-03,L,1.0,4.0,Manchester City,0.8,3.4,33.0,53422.0,Douglas Luiz,4-2-3-1,Darren England,8.0,3.0,12.4,0.0,0,0,Aston Villa,0,12,20.25,2,0
45,2024-04-06,D,3.0,3.0,Brentford,1.5,1.5,69.0,42118.0,John McGinn,4-4-1-1,Michael Salisbury,11.0,3.0,12.1,1.0,0,0,Aston Villa,1,3,15.0,5,0
47,2024-04-14,W,2.0,0.0,Arsenal,0.9,1.6,48.0,60350.0,John McGinn,4-2-3-1,David Coote,11.0,2.0,18.8,1.0,0,0,Aston Villa,0,0,16.5,6,1
49,2024-04-21,W,3.0,1.0,Bournemouth,2.4,1.8,56.0,42189.0,John McGinn,4-2-3-1,Tim Robinson,15.0,5.0,14.8,0.0,0,0,Aston Villa,1,2,15.0,6,1
50,2024-04-27,D,2.0,2.0,Chelsea,1.1,1.6,29.0,42354.0,John McGinn,4-4-1-1,Craig Pawson,9.0,4.0,15.0,0.0,0,0,Aston Villa,1,6,20.0,5,0
52,2024-05-05,L,0.0,1.0,Brighton,0.1,2.5,48.0,31596.0,John McGinn,4-2-3-1,Robert Jones,2.0,1.0,23.2,0.0,0,0,Aston Villa,0,4,14.0,6,0
0,2023-08-13,D,2.0,2.0,Brentford,1.3,2.2,69.0,17066.0,Son Heung-min,4-2-3-1,Robert Jones,18.0,6.0,19.6,0.0,0,0,Tottenham,0,3,14.0,6,0
1,2023-08-19,W,2.0,0.0,Manchester Utd,1.7,2.1,55.0,61910.0,Son Heung-min,4-2-3-1,Michael Oliver,17.0,6.0,13.8,0.0,0,0,Tottenham,1,13,17.5,5,1
2,2023-08-26,W,2.0,0.0,Bournemouth,2.1,0.7,56.0,10567.0,Son Heung-min,4-2-3-1,Tim Robinson,17.0,6.0,16.6,1.0,0,0,Tottenham,0,2,12.5,5,1
4,2023-09-02,W,5.0,2.0,Burnley,2.2,1.3,53.0,21750.0,Son Heung-min,4-2-3-1,Darren England,21.0,11.0,19.3,0.0,0,0,Tottenham,0,5,15.0,5,1
5,2023-09-16,W,2.0,1.0,Sheffield Utd,2.1,0.7,70.0,61706.0,Son Heung-min,4-2-3-1,Peter Bankes,28.0,10.0,16.4,0.0,0,0,Tottenham,1,16,15.0,5,1
6,2023-09-24,D,2.0,2.0,Arsenal,1.4,1.8,53.0,60156.0,Son Heung-min,4-2-3-1,Robert Jones,13.0,5.0,16.0,0.0,0,0,Tottenham,0,0,14.0,6,0
7,2023-09-30,W,2.0,1.0,Liverpool,2.2,1.3,64.0,62001.0,Son Heung-min,4-2-3-1,Simon Hooper,24.0,8.0,19.8,0.0,0,0,Tottenham,1,10,17.5,5,1
8,2023-10-07,W,1.0,0.0,Luton Town,1.9,0.8,66.0,10290.0,Son Heung-min,4-2-3-1,John Brooks,15.0,4.0,16.9,1.0,0,0,Tottenham,0,11,12.5,5,1
9,2023-10-23,W,2.0,0.0,Fulham,1.5,1.0,55.0,61286.0,Son Heung-min,4-2-3-1,Anthony Taylor,15.0,5.0,17.2,0.0,0,0,Tottenham,1,9,20.0,0,1
10,2023-10-27,W,2.0,1.0,Crystal Palace,1.1,0.6,75.0,25074.0,Son Heung-min,4-2-3-1,Andy Madley,10.0,1.0,19.5,1.0,0,0,Tottenham,0,7,20.0,4,1
11,2023-11-06,L,1.0,4.0,Chelsea,0.9,4.1,40.0,61726.0,Son Heung-min,4-2-3-1,Michael Oliver,8.0,5.0,23.5,1.0,0,0,Tottenham,1,6,20.0,0,0
12,2023-11-11,L,1.0,2.0,Wolves,0.7,2.1,58.0,31642.0,Son Heung-min,4-3-3,Tim Robinson,6.0,2.0,17.5,0.0,0,0,Tottenham,0,19,12.5,5,0
13,2023-11-26,L,1.0,2.0,Aston Villa,2.3,1.7,62.0,61679.0,Son Heung-min,4-2-3-1,Robert Jones,18.0,7.0,14.0,0.0,0,0,Tottenham,1,1,14.0,6,0
14,2023-12-03,D,3.0,3.0,Manchester City,0.5,2.6,45.0,53473.0,Son Heung-min,4-2-3-1,Simon Hooper,8.0,4.0,20.7,0.0,0,0,Tottenham,0,12,16.5,6,0
15,2023-12-07,L,1.0,2.0,West Ham,1.8,2.2,74.0,61171.0,Son Heung-min,4-2-3-1,Michael Salisbury,23.0,6.0,17.1,1.0,0,0,Tottenham,1,18,20.25,3,0
16,2023-12-10,W,4.0,1.0,Newcastle Utd,3.8,1.7,56.0,61171.0,Son Heung-min,4-2-3-1,Chris Kavanagh,22.0,10.0,15.5,0.0,1,1,Tottenham,1,14,16.5,6,1
17,2023-12-15,W,2.0,0.0,Nott'ham Forest,1.5,1.3,66.0,29296.0,Son Heung-min,4-2-3-1,Jarred Gillett,12.0,6.0,12.5,0.0,0,0,Tottenham,0,15,20.0,4,1
18,2023-12-23,W,2.0,1.0,Everton,1.5,1.8,61.0,61808.0,Son Heung-min,4-2-3-1,Stuart Attwell,13.0,6.0,15.1,0.0,0,0,Tottenham,1,8,15.0,5,1
19,2023-12-28,L,2.0,4.0,Brighton,2.3,3.2,55.0,31675.0,Son Heung-min,4-2-3-1,Jarred Gillett,19.0,3.0,15.2,1.0,0,0,Tottenham,0,4,19.5,3,0
20,2023-12-31,W,3.0,1.0,Bournemouth,2.3,1.7,50.0,61780.0,Son Heung-min,4-3-3,Simon Hooper,12.0,6.0,14.7,0.0,0,0,Tottenham,1,2,14.0,6,1
22,2024-01-14,D,2.0,2.0,Manchester Utd,1.2,0.8,63.0,73489.0,Cristian Romero,4-3-3,John Brooks,16.0,5.0,14.4,0.0,0,0,Tottenham,0,13,16.5,6,0
24,2024-01-31,W,3.0,2.0,Brentford,2.9,1.6,67.0,61210.0,Cristian Romero,4-2-3-1,David Coote,19.0,5.0,14.3,0.0,0,0,Tottenham,1,3,19.5,2,1
25,2024-02-03,D,2.0,2.0,Everton,1.0,2.6,57.0,39321.0,Cristian Romero,4-2-3-1,Michael Oliver,9.0,6.0,17.8,0.0,0,0,Tottenham,0,8,12.5,5,0
26,2024-02-10,W,2.0,1.0,Brighton,1.6,1.2,52.0,61445.0,Cristian Romero,4-2-3-1,Samuel Barrott,16.0,6.0,17.1,1.0,0,0,Tottenham,1,4,15.0,5,1
27,2024-02-17,L,1.0,2.0,Wolves,1.6,1.8,71.0,61532.0,Son Heung-min,4-2-3-1,Anthony Taylor,15.0,4.0,14.3,0.0,0,0,Tottenham,1,19,15.0,5,0
28,2024-03-02,W,3.0,1.0,Crystal Palace,1.9,0.3,78.0,61339.0,Son Heung-min,4-2-3-1,John Brooks,14.0,6.0,13.5,0.0,0,0,Tottenham,1,7,15.0,5,1
29,2024-03-10,W,4.0,0.0,Aston Villa,1.5,0.8,68.0,42310.0,Son Heung-min,4-2-3-1,Chris Kavanagh,9.0,5.0,14.9,0.0,0,0,Tottenham,0,1,13.0,6,1
30,2024-03-16,L,0.0,3.0,Fulham,2.4,2.6,57.0,24410.0,Son Heung-min,4-2-3-1,Robert Jones,14.0,5.0,14.0,0.0,0,0,Tottenham,0,9,17.5,5,0
31,2024-03-30,W,2.0,1.0,Luton Town,2.9,0.5,70.0,61534.0,Son Heung-min,4-2-3-1,Jarred Gillett,17.0,2.0,14.5,1.0,0,0,Tottenham,1,11,15.0,5,1
32,2024-04-02,D,1.0,1.0,West Ham,1.0,1.5,67.0,62469.0,Son Heung-min,4-2-3-1,John Brooks,13.0,4.0,17.4,0.0,0,0,Tottenham,0,18,20.25,1,0
33,2024-04-07,W,3.0,1.0,Nott'ham Forest,1.5,1.5,63.0,61098.0,Son Heung-min,4-2-3-1,Simon Hooper,17.0,7.0,20.2,1.0,0,0,Tottenham,1,15,18.0,6,1
34,2024-04-13,L,0.0,4.0,Newcastle Utd,0.8,2.8,72.0,52147.0,Son Heung-min,4-2-3-1,Tim Robinson,11.0,2.0,19.0,0.0,0,0,Tottenham,0,14,12.5,5,0
35,2024-04-28,L,2.0,3.0,Arsenal,2.3,1.0,62.0,61554.0,Son Heung-min,4-2-3-1,Michael Oliver,14.0,1.0,16.8,0.0,1,1,Tottenham,1,0,14.0,6,0
36,2024-05-02,L,0.0,2.0,Chelsea,1.6,2.2,63.0,39086.0,Son Heung-min,4-2-3-1,Robert Jones,19.0,3.0,16.9,0.0,0,0,Tottenham,0,6,19.5,3,0
37,2024-05-05,L,2.0,4.0,Liverpool,1.2,3.3,56.0,60075.0,Son Heung-min,4-3-3,Paul Tierney,11.0,6.0,21.6,1.0,0,0,Tottenham,0,10,16.5,6,0
0,2023-08-12,W,5.0,1.0,Aston Villa,3.3,1.8,52.0,52207.0,Kieran Trippier,4-3-3,Andy Madley,17.0,12.0,13.2,0.0,0,0,Newcastle Utd,1,1,17.5,5,1
1,2023-08-19,L,0.0,1.0,Manchester City,0.3,1.0,41.0,53419.0,Kieran Trippier,4-3-3,Robert Jones,7.0,1.0,20.3,0.0,0,0,Newcastle Utd,0,12,20.0,5,0
2,2023-08-27,L,1.0,2.0,Liverpool,2.0,0.9,59.0,52214.0,Kieran Trippier,4-3-3,John Brooks,23.0,8.0,18.3,1.0,0,0,Newcastle Utd,1,10,16.5,6,0
3,2023-09-02,L,1.0,3.0,Brighton,1.2,1.3,44.0,31620.0,Kieran Trippier,4-3-3,Stuart Attwell,9.0,2.0,14.6,0.0,0,0,Newcastle Utd,0,4,17.5,5,0
4,2023-09-16,W,1.0,0.0,Brentford,1.4,0.5,56.0,51670.0,Kieran Trippier,4-3-3,Craig Pawson,8.0,1.0,20.2,0.0,1,1,Newcastle Utd,1,3,17.5,5,1
6,2023-09-24,W,8.0,0.0,Sheffield Utd,3.9,0.9,58.0,31127.0,Kieran Trippier,4-3-3,Stuart Attwell,22.0,15.0,14.2,0.0,0,0,Newcastle Utd,0,16,16.5,6,1
8,2023-09-30,W,2.0,0.0,Burnley,3.1,0.6,53.0,51687.0,Jamaal Lascelles,4-3-3,Thomas Bramall,19.0,6.0,15.8,0.0,1,1,Newcastle Utd,1,5,15.0,5,1
10,2023-10-08,D,2.0,2.0,West Ham,2.0,1.2,64.0,62473.0,Jamaal Lascelles,4-3-3,Peter Bankes,10.0,3.0,12.1,0.0,0,0,Newcastle Utd,0,18,14.0,6,0
11,2023-10-21,W,4.0,0.0,Crystal Palace,2.4,1.2,59.0,52189.0,Jamaal Lascelles,4-3-3,Tim Robinson,10.0,7.0,10.2,0.0,0,0,Newcastle Utd,1,7,15.0,5,1
13,2023-10-28,D,2.0,2.0,Wolves,2.2,0.9,57.0,31584.0,Jamaal Lascelles,4-3-3,Anthony Taylor,12.0,3.0,14.2,0.0,1,1,Newcastle Utd,0,19,17.5,5,0
15,2023-11-04,W,1.0,0.0,Arsenal,1.0,0.6,42.0,52194.0,Jamaal Lascelles,4-3-3,Stuart Attwell,9.0,1.0,18.6,0.0,0,0,Newcastle Utd,1,0,17.5,5,1
17,2023-11-11,L,0.0,2.0,Bournemouth,0.5,2.4,52.0,11201.0,Jamaal Lascelles,4-3-3,Chris Kavanagh,8.0,5.0,19.5,0.0,0,0,Newcastle Utd,0,2,17.5,5,0
18,2023-11-25,W,4.0,1.0,Chelsea,2.4,0.5,54.0,52227.0,Jamaal Lascelles,4-3-3,Simon Hooper,14.0,5.0,17.0,1.0,0,0,Newcastle Utd,1,6,15.0,5,1
20,2023-12-02,W,1.0,0.0,Manchester Utd,2.4,0.5,58.0,52214.0,Jamaal Lascelles,4-3-3,Robert Jones,22.0,4.0,16.4,1.0,0,0,Newcastle Utd,1,13,20.0,5,1
21,2023-12-07,L,0.0,3.0,Everton,1.5,3.3,62.0,38198.0,Jamaal Lascelles,4-3-3,Tim Robinson,13.0,3.0,19.3,1.0,0,0,Newcastle Utd,0,8,19.5,3,0
22,2023-12-10,L,1.0,4.0,Tottenham,1.7,3.8,44.0,61171.0,Jamaal Lascelles,4-3-3,Chris Kavanagh,9.0,3.0,14.4,0.0,0,0,Newcastle Utd,0,17,16.5,6,0
24,2023-12-16,W,3.0,0.0,Fulham,3.5,0.3,70.0,52055.0,Jamaal Lascelles,4-3-3,Samuel Barrott,27.0,10.0,14.4,0.0,0,0,Newcastle Utd,1,9,15.0,5,1
26,2023-12-23,L,0.0,1.0,Luton Town,1.4,1.4,65.0,11042.0,Jamaal Lascelles,4-3-3,Darren England,15.0,2.0,12.2,0.0,0,0,Newcastle Utd,0,11,15.0,5,0
27,2023-12-26,L,1.0,3.0,Nott'ham Forest,2.4,3.5,62.0,52207.0,Kieran Trippier,4-3-3,Chris Kavanagh,18.0,5.0,15.1,1.0,1,1,Newcastle Utd,1,15,12.5,1,0
28,2024-01-01,L,2.0,4.0,Liverpool,0.6,7.0,39.0,57471.0,Dan Burn,4-3-3,Anthony Taylor,5.0,3.0,16.1,0.0,0,0,Newcastle Utd,0,10,20.0,0,0
30,2024-01-13,L,2.0,3.0,Manchester City,1.3,3.0,28.0,52190.0,Kieran Trippier,4-3-3,Chris Kavanagh,12.0,5.0,14.7,0.0,0,0,Newcastle Utd,1,12,17.5,5,0
32,2024-01-30,W,3.0,1.0,Aston Villa,2.6,1.4,39.0,42191.0,Kieran Trippier,4-3-3,John Brooks,14.0,5.0,11.9,0.0,0,0,Newcastle Utd,0,1,20.25,1,1
33,2024-02-03,D,4.0,4.0,Luton Town,2.3,2.4,55.0,52211.0,Kieran Trippier,4-3-3,Thomas Bramall,19.0,6.0,16.3,0.0,0,0,Newcastle Utd,1,11,15.0,5,0
34,2024-02-10,W,3.0,2.0,Nott'ham Forest,0.5,1.5,61.0,29451.0,Kieran Trippier,4-3-3,Anthony Taylor,7.0,5.0,19.2,0.0,0,0,Newcastle Utd,0,15,17.5,5,1
35,2024-02-17,D,2.0,2.0,Bournemouth,2.2,2.2,62.0,52224.0,Kieran Trippier,4-3-3,Michael Salisbury,16.0,4.0,19.4,0.0,1,1,Newcastle Utd,1,2,15.0,5,0
36,2024-02-24,L,1.0,4.0,Arsenal,0.2,2.8,45.0,60298.0,Kieran Trippier,4-3-3,Paul Tierney,3.0,2.0,14.5,0.0,0,0,Newcastle Utd,0,0,20.0,5,0
38,2024-03-02,W,3.0,0.0,Wolves,2.1,0.8,44.0,52206.0,Kieran Trippier,4-3-3,Tim Robinson,14.0,6.0,16.3,1.0,0,0,Newcastle Utd,1,19,15.0,5,1
39,2024-03-11,L,2.0,3.0,Chelsea,0.7,1.6,56.0,37753.0,Dan Burn,4-3-3,John Brooks,11.0,3.0,16.0,0.0,0,0,Newcastle Utd,0,6,20.0,0,0
41,2024-03-30,W,4.0,3.0,West Ham,4.1,1.4,60.0,52199.0,Jamaal Lascelles,4-3-3,Robert Jones,22.0,7.0,17.6,0.0,2,2,Newcastle Utd,1,18,12.5,5,1
42,2024-04-02,D,1.0,1.0,Everton,2.4,1.4,57.0,52135.0,Dan Burn,4-3-3,Tony Harrington,18.0,5.0,15.7,0.0,0,0,Newcastle Utd,1,8,19.5,1,0
43,2024-04-06,W,1.0,0.0,Fulham,1.0,1.2,34.0,24418.0,Dan Burn,4-3-3,Samuel Allison,12.0,5.0,16.8,0.0,0,0,Newcastle Utd,0,9,15.0,5,1
44,2024-04-13,W,4.0,0.0,Tottenham,2.8,0.8,28.0,52147.0,Dan Burn,4-3-3,Tim Robinson,18.0,5.0,11.1,0.0,0,0,Newcastle Utd,1,17,12.5,5,1
45,2024-04-24,L,0.0,2.0,Crystal Palace,0.4,0.9,53.0,25002.0,Dan Burn,3-4-3,Thomas Bramall,7.0,2.0,14.2,0.0,0,0,Newcastle Utd,0,7,20.0,2,0
46,2024-04-27,W,5.0,1.0,Sheffield Utd,3.1,1.5,60.0,52196.0,Dan Burn,4-3-3,Tony Harrington,19.0,6.0,16.0,0.0,1,1,Newcastle Utd,1,16,15.0,5,1
47,2024-05-04,W,4.0,1.0,Burnley,3.4,1.0,53.0,21781.0,Dan Burn,4-4-2,Anthony Taylor,22.0,10.0,17.6,1.0,0,1,Newcastle Utd,0,5,15.0,5,1
0,2023-08-13,D,1.0,1.0,Liverpool,1.4,1.3,65.0,40096.0,Reece James,3-4-3,Anthony Taylor,10.0,4.0,13.2,1.0,0,0,Chelsea,1,10,16.5,6,0
1,2023-08-20,L,1.0,3.0,West Ham,2.5,1.8,75.0,62451.0,Ben Chilwell,3-4-3,John Brooks,16.0,3.0,17.1,0.0,0,1,Chelsea,0,18,16.5,6,0
2,2023-08-25,W,3.0,0.0,Luton Town,2.2,0.4,67.0,39893.0,Ben Chilwell,3-4-3,Robert Jones,19.0,8.0,14.2,1.0,0,0,Chelsea,1,11,20.0,4,1
4,2023-09-02,L,0.0,1.0,Nott'ham Forest,2.3,0.8,75.0,39820.0,Ben Chilwell,3-4-3,Tim Robinson,21.0,2.0,17.7,2.0,0,0,Chelsea,1,15,15.0,5,0
5,2023-09-17,D,0.0,0.0,Bournemouth,1.8,1.0,64.0,10421.0,Conor Gallagher,4-2-3-1,David Coote,14.0,6.0,15.0,1.0,0,0,Chelsea,0,2,14.0,6,0
6,2023-09-24,L,0.0,1.0,Aston Villa,1.3,1.0,53.0,39700.0,Conor Gallagher,4-2-3-1,Jarred Gillett,10.0,4.0,17.8,0.0,0,0,Chelsea,1,1,14.0,6,0
8,2023-10-02,W,2.0,0.0,Fulham,1.7,1.1,44.0,24445.0,Conor Gallagher,4-3-3,Tim Robinson,11.0,4.0,19.8,1.0,0,0,Chelsea,0,9,20.0,0,1
9,2023-10-07,W,4.0,1.0,Burnley,1.9,0.7,62.0,21654.0,Conor Gallagher,4-3-3,Stuart Attwell,8.0,4.0,18.1,0.0,1,1,Chelsea,0,5,15.0,5,1
10,2023-10-21,D,2.0,2.0,Arsenal,1.3,1.0,44.0,39723.0,Conor Gallagher,4-2-3-1,Chris Kavanagh,10.0,4.0,20.4,0.0,1,1,Chelsea,1,0,17.5,5,0
11,2023-10-28,L,0.0,2.0,Brentford,1.9,2.2,68.0,39575.0,Conor Gallagher,4-2-3-1,Simon Hooper,17.0,2.0,16.1,1.0,0,0,Chelsea,1,3,12.5,5,0
13,2023-11-06,W,4.0,1.0,Tottenham,4.1,0.9,60.0,61726.0,Reece James,4-2-3-1,Michael Oliver,16.0,6.0,16.8,0.0,1,1,Chelsea,0,17,20.0,0,1
14,2023-11-12,D,4.0,4.0,Manchester City,2.9,2.9,45.0,39532.0,Reece James,4-2-3-1,Anthony Taylor,16.0,8.0,19.1,1.0,1,1,Chelsea,1,12,16.5,6,0
15,2023-11-25,L,1.0,4.0,Newcastle Utd,0.5,2.4,46.0,52227.0,Reece James,4-2-3-1,Simon Hooper,7.0,4.0,18.4,2.0,0,0,Chelsea,0,14,15.0,5,0
16,2023-12-03,W,3.0,2.0,Brighton,2.1,1.1,32.0,39647.0,Conor Gallagher,4-2-3-1,Craig Pawson,7.0,3.0,19.6,0.0,1,1,Chelsea,1,4,14.0,6,1
17,2023-12-06,L,1.0,2.0,Manchester Utd,1.5,4.1,55.0,73607.0,Levi Colwill,4-2-3-1,Chris Kavanagh,13.0,3.0,15.0,0.0,0,0,Chelsea,0,13,20.25,2,0
18,2023-12-10,L,0.0,2.0,Everton,0.9,1.2,71.0,39280.0,Reece James,4-2-3-1,Michael Oliver,16.0,4.0,18.5,1.0,0,0,Chelsea,0,8,14.0,6,0
19,2023-12-16,W,2.0,0.0,Sheffield Utd,3.1,0.4,78.0,39599.0,Conor Gallagher,4-2-3-1,Andy Madley,15.0,6.0,17.2,1.0,0,0,Chelsea,1,16,15.0,5,1
21,2023-12-24,L,1.0,2.0,Wolves,2.0,1.3,68.0,31641.0,Conor Gallagher,4-2-3-1,David Coote,16.0,4.0,17.4,1.0,0,0,Chelsea,0,19,13.0,6,0
22,2023-12-27,W,2.0,1.0,Crystal Palace,2.6,1.1,63.0,39618.0,Conor Gallagher,4-2-3-1,Michael Salisbury,8.0,2.0,15.3,0.0,1,1,Chelsea,1,7,19.5,2,1
23,2023-12-30,W,3.0,2.0,Luton Town,1.5,2.3,48.0,11041.0,Conor Gallagher,4-2-3-1,Paul Tierney,12.0,8.0,17.5,0.0,0,0,Chelsea,0,11,12.5,5,1
26,2024-01-13,W,1.0,0.0,Fulham,2.2,0.8,55.0,39643.0,Conor Gallagher,4-2-3-1,Anthony Taylor,16.0,2.0,17.5,0.0,1,1,Chelsea,1,9,12.5,5,1
29,2024-01-31,L,1.0,4.0,Liverpool,0.6,2.9,50.0,57524.0,Ben Chilwell,4-2-3-1,Paul Tierney,4.0,3.0,18.8,0.0,0,0,Chelsea,0,10,20.25,2,0
30,2024-02-04,L,2.0,4.0,Wolves,1.7,2.0,64.0,39628.0,Ben Chilwell,4-2-3-1,Tim Robinson,15.0,4.0,14.5,0.0,0,0,Chelsea,1,19,14.0,6,0
32,2024-02-12,W,3.0,1.0,Crystal Palace,1.4,0.6,77.0,25110.0,Ben Chilwell,4-2-3-1,Michael Oliver,14.0,5.0,15.3,0.0,0,0,Chelsea,0,7,20.0,0,1
33,2024-02-17,D,1.0,1.0,Manchester City,1.4,2.6,30.0,52178.0,Ben Chilwell,4-2-3-1,Andy Madley,9.0,6.0,12.8,0.0,0,0,Chelsea,0,12,17.5,5,0
36,2024-03-02,D,2.0,2.0,Brentford,1.8,1.8,67.0,17140.0,Ben Chilwell,3-5-2,Jarred Gillett,17.0,5.0,19.5,0.0,0,0,Chelsea,0,3,15.0,5,0
37,2024-03-11,W,3.0,2.0,Newcastle Utd,1.6,0.7,44.0,37753.0,Conor Gallagher,4-2-3-1,John Brooks,12.0,7.0,19.7,0.0,0,0,Chelsea,1,14,20.0,0,1
39,2024-03-30,D,2.0,2.0,Burnley,4.2,1.6,69.0,39535.0,Conor Gallagher,4-2-3-1,Darren England,32.0,12.0,17.8,0.0,1,1,Chelsea,1,5,15.0,5,0
40,2024-04-04,W,4.0,3.0,Manchester Utd,3.0,1.5,57.0,39694.0,Conor Gallagher,4-2-3-1,Jarred Gillett,26.0,8.0,19.0,1.0,2,2,Chelsea,1,13,20.25,3,1
41,2024-04-07,D,2.0,2.0,Sheffield Utd,0.3,1.4,68.0,28638.0,Conor Gallagher,4-2-3-1,Robert Jones,6.0,3.0,18.5,0.0,0,0,Chelsea,0,16,17.5,6,0
42,2024-04-15,W,6.0,0.0,Everton,3.1,1.5,58.0,39392.0,Conor Gallagher,4-2-3-1,Paul Tierney,13.0,9.0,18.6,0.0,1,1,Chelsea,1,8,20.0,0,1
44,2024-04-23,L,0.0,5.0,Arsenal,1.6,3.3,55.0,60238.0,Conor Gallagher,4-2-3-1,Simon Hooper,7.0,1.0,13.0,1.0,0,0,Chelsea,0,0,20.0,1,0
45,2024-04-27,D,2.0,2.0,Aston Villa,1.6,1.1,71.0,42354.0,Conor Gallagher,4-2-3-1,Craig Pawson,21.0,5.0,21.7,1.0,0,0,Chelsea,0,1,20.0,5,0
46,2024-05-02,W,2.0,0.0,Tottenham,2.2,1.6,37.0,39086.0,Conor Gallagher,4-2-3-1,Robert Jones,16.0,4.0,16.1,2.0,0,0,Chelsea,1,17,19.5,3,1
47,2024-05-05,W,5.0,0.0,West Ham,4.1,0.9,69.0,39295.0,Conor Gallagher,4-2-3-1,Andy Madley,25.0,14.0,15.7,1.0,0,0,Chelsea,1,18,14.0,6,1
0,2023-08-14,W,1.0,0.0,Wolves,2.2,2.2,51.0,73358.0,Bruno Fernandes,4-1-4-1,Simon Hooper,15.0,2.0,14.7,0.0,0,0,Manchester Utd,1,19,20.0,0,1
1,2023-08-19,L,0.0,2.0,Tottenham,2.1,1.7,45.0,61910.0,Bruno Fernandes,4-2-3-1,Michael Oliver,22.0,6.0,15.6,1.0,0,0,Manchester Utd,0,17,17.5,5,0
2,2023-08-26,W,3.0,2.0,Nott'ham Forest,2.8,1.2,66.0,73595.0,Bruno Fernandes,4-2-3-1,Stuart Attwell,17.0,8.0,20.3,0.0,1,1,Manchester Utd,1,15,15.0,5,1
3,2023-09-03,L,1.0,3.0,Arsenal,0.9,2.3,45.0,60192.0,Bruno Fernandes,4-2-3-1,Anthony Taylor,10.0,2.0,16.5,0.0,0,0,Manchester Utd,0,0,16.5,6,0
4,2023-09-16,L,1.0,3.0,Brighton,1.0,1.7,44.0,73592.0,Bruno Fernandes,4-1-2-1-2,Jarred Gillett,14.0,4.0,18.6,1.0,0,0,Manchester Utd,1,4,15.0,5,0
6,2023-09-23,W,1.0,0.0,Burnley,1.0,1.1,39.0,21593.0,Bruno Fernandes,4-2-3-1,Tony Harrington,11.0,4.0,15.0,0.0,0,0,Manchester Utd,0,5,20.0,5,1
8,2023-09-30,L,0.0,1.0,Crystal Palace,1.3,0.9,77.0,73428.0,Bruno Fernandes,4-2-3-1,Chris Kavanagh,19.0,3.0,15.5,0.0,0,0,Manchester Utd,1,7,15.0,5,0
10,2023-10-07,W,2.0,1.0,Brentford,1.4,0.9,64.0,73453.0,Bruno Fernandes,4-2-3-1,Andy Madley,21.0,8.0,18.3,1.0,0,0,Manchester Utd,1,3,15.0,5,1
11,2023-10-21,W,2.0,1.0,Sheffield Utd,1.1,1.4,62.0,31543.0,Bruno Fernandes,4-2-3-1,Michael Oliver,14.0,5.0,20.6,1.0,0,0,Manchester Utd,0,16,20.0,5,1
13,2023-10-29,L,0.0,3.0,Manchester City,0.9,4.0,40.0,73502.0,Bruno Fernandes,4-2-3-1,Paul Tierney,7.0,3.0,15.2,0.0,0,0,Manchester Utd,1,12,15.5,6,0
15,2023-11-04,W,1.0,0.0,Fulham,0.7,1.0,55.0,24415.0,Bruno Fernandes,4-2-3-1,John Brooks,12.0,5.0,18.3,1.0,0,0,Manchester Utd,0,9,12.5,5,1
17,2023-11-11,W,1.0,0.0,Luton Town,2.2,0.4,64.0,73599.0,Bruno Fernandes,4-2-3-1,Graham Scott,15.0,4.0,14.0,1.0,0,0,Manchester Utd,1,11,15.0,5,1
18,2023-11-26,W,3.0,0.0,Everton,2.2,2.4,49.0,39257.0,Bruno Fernandes,4-2-3-1,John Brooks,8.0,3.0,17.4,0.0,1,1,Manchester Utd,0,8,16.5,6,1
20,2023-12-02,L,0.0,1.0,Newcastle Utd,0.5,2.4,42.0,52214.0,Bruno Fernandes,4-2-3-1,Robert Jones,8.0,1.0,18.2,0.0,0,0,Manchester Utd,0,14,20.0,5,0
21,2023-12-06,W,2.0,1.0,Chelsea,4.1,1.5,45.0,73607.0,Bruno Fernandes,4-2-3-1,Chris Kavanagh,27.0,8.0,15.4,1.0,0,1,Manchester Utd,1,6,20.25,2,1
22,2023-12-09,L,0.0,3.0,Bournemouth,1.1,1.5,68.0,73427.0,Bruno Fernandes,4-2-3-1,Peter Bankes,20.0,3.0,15.4,0.0,0,0,Manchester Utd,1,2,15.0,5,0
24,2023-12-17,D,0.0,0.0,Liverpool,0.8,2.3,32.0,57158.0,Scott McTominay,4-2-3-1,Michael Oliver,6.0,1.0,16.3,0.0,0,0,Manchester Utd,0,10,16.5,6,0
25,2023-12-23,L,0.0,2.0,West Ham,1.0,1.2,65.0,64472.0,Bruno Fernandes,4-2-3-1,Simon Hooper,11.0,3.0,18.1,0.0,0,0,Manchester Utd,0,18,12.5,5,0
26,2023-12-26,W,3.0,2.0,Aston Villa,1.1,1.7,46.0,73574.0,Bruno Fernandes,4-2-3-1,Craig Pawson,13.0,7.0,18.0,1.0,0,0,Manchester Utd,1,1,20.0,1,1
27,2023-12-30,L,1.0,2.0,Nott'ham Forest,0.8,0.7,56.0,29529.0,Bruno Fernandes,4-2-3-1,Tim Robinson,10.0,5.0,17.5,0.0,0,0,Manchester Utd,0,15,17.5,5,0
29,2024-01-14,D,2.0,2.0,Tottenham,0.8,1.2,37.0,73489.0,Bruno Fernandes,4-2-3-1,John Brooks,9.0,2.0,14.5,1.0,0,0,Manchester Utd,1,17,16.5,6,0
31,2024-02-01,W,4.0,3.0,Wolves,3.3,2.1,47.0,31641.0,Bruno Fernandes,4-2-3-1,Jarred Gillett,21.0,8.0,18.2,2.0,0,0,Manchester Utd,0,19,20.25,3,1
32,2024-02-04,W,3.0,0.0,West Ham,0.7,1.4,51.0,73612.0,Bruno Fernandes,4-2-3-1,Andy Madley,12.0,5.0,20.4,0.0,0,0,Manchester Utd,1,18,14.0,6,1
33,2024-02-11,W,2.0,1.0,Aston Villa,1.8,2.4,44.0,42185.0,Bruno Fernandes,4-2-3-1,Robert Jones,17.0,5.0,14.6,0.0,0,0,Manchester Utd,0,1,16.5,6,1
34,2024-02-18,W,2.0,1.0,Luton Town,2.9,1.8,42.0,11483.0,Bruno Fernandes,4-2-3-1,David Coote,21.0,8.0,19.8,2.0,0,0,Manchester Utd,0,11,16.5,6,1
35,2024-02-24,L,1.0,2.0,Fulham,1.7,1.2,57.0,73487.0,Bruno Fernandes,4-2-3-1,Michael Oliver,21.0,8.0,17.3,0.0,0,0,Manchester Utd,1,9,15.0,5,0
37,2024-03-03,L,1.0,3.0,Manchester City,0.2,3.3,27.0,53514.0,Bruno Fernandes,4-2-4-0,Andy Madley,3.0,1.0,16.7,0.0,0,0,Manchester Utd,0,12,15.5,6,0
38,2024-03-09,W,2.0,0.0,Everton,2.7,1.6,51.0,73601.0,Bruno Fernandes,4-2-4-0,Simon Hooper,13.0,6.0,17.6,1.0,2,2,Manchester Utd,1,8,12.5,5,1
40,2024-03-30,D,1.0,1.0,Brentford,0.6,3.2,53.0,17138.0,Bruno Fernandes,4-2-3-1,Simon Hooper,11.0,5.0,22.5,0.0,0,0,Manchester Utd,0,3,20.0,5,0
41,2024-04-04,L,3.0,4.0,Chelsea,1.5,3.0,43.0,39694.0,Bruno Fernandes,4-2-3-1,Jarred Gillett,19.0,5.0,16.8,0.0,0,0,Manchester Utd,0,6,20.25,3,0
42,2024-04-07,D,2.0,2.0,Liverpool,0.7,3.6,38.0,73501.0,Bruno Fernandes,4-2-3-1,Anthony Taylor,9.0,5.0,18.1,0.0,0,0,Manchester Utd,1,10,15.5,6,0
43,2024-04-13,D,2.0,2.0,Bournemouth,1.2,1.6,57.0,11229.0,Bruno Fernandes,4-2-3-1,Tony Harrington,7.0,1.0,20.6,0.0,1,1,Manchester Utd,0,2,17.5,5,0
45,2024-04-24,W,4.0,2.0,Sheffield Utd,2.9,0.8,71.0,73549.0,Bruno Fernandes,4-2-3-1,Michael Salisbury,24.0,12.0,16.9,0.0,1,1,Manchester Utd,1,16,20.0,2,1
46,2024-04-27,D,1.0,1.0,Burnley,2.7,2.1,48.0,73571.0,Bruno Fernandes,4-2-3-1,John Brooks,27.0,10.0,18.0,0.0,0,0,Manchester Utd,1,5,15.0,5,0
47,2024-05-06,L,0.0,4.0,Crystal Palace,0.4,1.7,57.0,25190.0,Casemiro,4-2-3-1,Jarred Gillett,7.0,2.0,16.7,1.0,0,0,Manchester Utd,0,7,20.0,0,0
0,2023-08-12,D,1.0,1.0,Bournemouth,1.1,1.3,38.0,11245.0,Kurt Zouma,4-2-3-1,Peter Bankes,16.0,2.0,16.1,0.0,0,0,West Ham,0,2,15.0,5,0
1,2023-08-20,W,3.0,1.0,Chelsea,1.8,2.5,25.0,62451.0,Kurt Zouma,4-2-3-1,John Brooks,11.0,5.0,19.6,0.0,1,1,West Ham,1,6,16.5,6,1
2,2023-08-26,W,3.0,1.0,Brighton,3.0,1.5,22.0,31508.0,Kurt Zouma,4-1-4-1,Anthony Taylor,12.0,7.0,12.3,0.0,0,0,West Ham,0,4,17.5,5,1
3,2023-09-01,W,2.0,1.0,Luton Town,1.0,1.4,61.0,10802.0,Kurt Zouma,4-2-3-1,Paul Tierney,9.0,3.0,16.3,0.0,0,0,West Ham,0,11,20.0,4,1
4,2023-09-16,L,1.0,3.0,Manchester City,0.9,3.6,32.0,62475.0,Kurt Zouma,4-2-3-1,Andy Madley,6.0,3.0,12.1,0.0,0,0,West Ham,1,12,15.0,5,0
6,2023-09-24,L,1.0,3.0,Liverpool,1.1,3.0,37.0,50136.0,Kurt Zouma,4-2-3-1,Chris Kavanagh,11.0,4.0,13.5,0.0,0,0,West Ham,0,10,14.0,6,0
8,2023-09-30,W,2.0,0.0,Sheffield Utd,2.1,1.1,52.0,62459.0,Kurt Zouma,4-2-3-1,Graham Scott,20.0,8.0,12.6,1.0,0,0,West Ham,1,16,15.0,5,1
10,2023-10-08,D,2.0,2.0,Newcastle Utd,1.2,2.0,36.0,62473.0,Kurt Zouma,4-2-3-1,Peter Bankes,5.0,3.0,14.9,1.0,0,0,West Ham,1,14,14.0,6,0
11,2023-10-22,L,1.0,4.0,Aston Villa,1.1,1.9,42.0,41734.0,Kurt Zouma,4-2-3-1,David Coote,14.0,4.0,15.2,1.0,0,0,West Ham,0,1,16.5,6,0
13,2023-10-29,L,0.0,1.0,Everton,0.7,0.8,64.0,62469.0,Kurt Zouma,4-2-3-1,Stuart Attwell,12.0,2.0,17.3,0.0,0,0,West Ham,1,8,13.0,6,0
15,2023-11-04,L,2.0,3.0,Brentford,1.8,1.5,42.0,17103.0,James Ward-Prowse,4-4-2,Thomas Bramall,12.0,2.0,15.3,0.0,0,0,West Ham,0,3,15.0,5,0
17,2023-11-12,W,3.0,2.0,Nott'ham Forest,1.8,1.7,54.0,62470.0,Kurt Zouma,4-2-3-1,Michael Salisbury,16.0,6.0,18.0,1.0,0,0,West Ham,1,15,14.0,6,1
18,2023-11-25,W,2.0,1.0,Burnley,0.9,1.3,50.0,21319.0,Kurt Zouma,4-2-3-1,Samuel Barrott,11.0,3.0,13.2,0.0,0,0,West Ham,0,5,15.0,5,1
20,2023-12-03,D,1.0,1.0,Crystal Palace,1.1,0.9,55.0,62414.0,Tomáš Souček,4-2-3-1,Michael Oliver,9.0,3.0,15.7,1.0,0,0,West Ham,1,7,14.0,6,0
21,2023-12-07,W,2.0,1.0,Tottenham,2.2,1.8,26.0,61171.0,Kurt Zouma,4-3-3,Michael Salisbury,11.0,5.0,15.0,0.0,0,0,West Ham,0,17,20.25,3,1
22,2023-12-10,L,0.0,5.0,Fulham,1.3,2.3,37.0,23988.0,Kurt Zouma,4-4-1-1,Paul Tierney,9.0,5.0,19.2,1.0,0,0,West Ham,0,9,14.0,6,0
24,2023-12-17,W,3.0,0.0,Wolves,1.1,0.7,45.0,62455.0,Kurt Zouma,4-2-3-1,Chris Kavanagh,13.0,4.0,19.8,2.0,0,0,West Ham,1,19,14.0,6,1
26,2023-12-23,W,2.0,0.0,Manchester Utd,1.2,1.0,35.0,64472.0,Kurt Zouma,4-2-3-1,Simon Hooper,12.0,5.0,13.8,0.0,0,0,West Ham,1,13,12.5,5,1
27,2023-12-28,W,2.0,0.0,Arsenal,1.4,2.7,27.0,60261.0,Angelo Ogbonna,4-2-3-1,Michael Oliver,5.0,2.0,17.4,0.0,0,1,West Ham,0,0,20.25,3,1
28,2024-01-02,D,0.0,0.0,Brighton,0.7,2.3,32.0,62462.0,Angelo Ogbonna,4-2-3-1,Samuel Barrott,6.0,2.0,16.0,0.0,0,0,West Ham,1,4,19.5,1,0
31,2024-01-21,D,2.0,2.0,Sheffield Utd,2.3,2.5,43.0,29164.0,Kurt Zouma,4-4-1-1,Michael Salisbury,15.0,4.0,14.9,0.0,1,1,West Ham,0,16,14.0,6,0
32,2024-02-01,D,1.0,1.0,Bournemouth,1.4,1.2,48.0,62478.0,Kurt Zouma,4-3-2-1,Tim Robinson,8.0,2.0,17.1,0.0,1,1,West Ham,1,2,19.5,3,0
33,2024-02-04,L,0.0,3.0,Manchester Utd,1.4,0.7,49.0,73612.0,Kurt Zouma,4-2-3-1,Andy Madley,22.0,3.0,18.9,1.0,0,0,West Ham,0,13,14.0,6,0
34,2024-02-11,L,0.0,6.0,Arsenal,0.2,3.6,30.0,62475.0,Kurt Zouma,4-2-3-1,Craig Pawson,5.0,1.0,19.9,0.0,0,0,West Ham,1,0,14.0,6,0
35,2024-02-17,L,0.0,2.0,Nott'ham Forest,0.5,2.8,51.0,29490.0,Kurt Zouma,4-2-3-1,Thomas Bramall,10.0,3.0,18.9,1.0,0,0,West Ham,0,15,15.0,5,0
36,2024-02-26,W,4.0,2.0,Brentford,1.7,0.9,41.0,62450.0,Kurt Zouma,4-2-3-1,Simon Hooper,17.0,6.0,17.7,0.0,0,0,West Ham,1,3,20.0,0,1
37,2024-03-02,W,3.0,1.0,Everton,1.9,2.7,45.0,39262.0,Kurt Zouma,4-2-3-1,Craig Pawson,12.0,5.0,14.2,0.0,0,0,West Ham,0,8,15.0,5,1
39,2024-03-10,D,2.0,2.0,Burnley,2.1,0.7,52.0,62441.0,Tomáš Souček,4-2-3-1,Darren England,22.0,4.0,14.8,0.0,0,0,West Ham,1,5,14.0,6,0
41,2024-03-17,D,1.0,1.0,Aston Villa,2.0,0.7,31.0,62461.0,Kurt Zouma,4-2-3-1,Jarred Gillett,13.0,4.0,15.9,1.0,0,0,West Ham,1,1,14.0,6,0
42,2024-03-30,L,3.0,4.0,Newcastle Utd,1.4,4.1,40.0,52199.0,Kurt Zouma,4-2-3-1,Robert Jones,10.0,4.0,14.1,0.0,0,0,West Ham,0,14,12.5,5,0
43,2024-04-02,D,1.0,1.0,Tottenham,1.5,1.0,33.0,62469.0,Kurt Zouma,4-5-1,John Brooks,11.0,4.0,16.6,1.0,0,0,West Ham,1,17,20.25,1,0
44,2024-04-06,W,2.0,1.0,Wolves,1.2,1.5,42.0,31504.0,Kurt Zouma,4-2-3-1,Tony Harrington,10.0,3.0,24.6,2.0,1,1,West Ham,0,19,15.0,5,1
46,2024-04-14,L,0.0,2.0,Fulham,0.9,3.2,58.0,62459.0,Łukasz Fabiański,4-2-3-1,Stuart Attwell,15.0,4.0,16.2,0.0,0,0,West Ham,1,9,14.0,6,0
48,2024-04-21,L,2.0,5.0,Crystal Palace,1.3,2.4,40.0,25145.0,Kurt Zouma,4-2-3-1,Graham Scott,4.0,1.0,10.8,0.0,0,0,West Ham,0,7,15.0,6,0
49,2024-04-27,D,2.0,2.0,Liverpool,0.7,1.7,29.0,62474.0,Kurt Zouma,4-2-3-1,Anthony Taylor,11.0,8.0,17.0,0.0,0,0,West Ham,1,10,12.5,5,0
50,2024-05-05,L,0.0,5.0,Chelsea,0.9,4.1,31.0,39295.0,Kurt Zouma,4-2-3-1,Andy Madley,13.0,2.0,17.6,2.0,0,0,West Ham,0,6,14.0,6,0
0,2023-08-12,D,1.0,1.0,West Ham,1.3,1.1,62.0,11245.0,Neto,4-2-3-1,Peter Bankes,14.0,5.0,20.7,1.0,0,0,Bournemouth,1,18,15.0,5,0
1,2023-08-19,L,1.0,3.0,Liverpool,1.3,3.0,36.0,53145.0,Neto,4-2-3-1,Thomas Bramall,13.0,5.0,19.7,1.0,0,0,Bournemouth,0,10,15.0,5,0
2,2023-08-26,L,0.0,2.0,Tottenham,0.7,2.1,44.0,10567.0,Neto,4-2-3-1,Tim Robinson,11.0,3.0,17.8,0.0,0,0,Bournemouth,1,17,12.5,5,0
4,2023-09-02,D,2.0,2.0,Brentford,2.1,2.9,40.0,16973.0,Neto,4-2-3-1,Robert Madley,12.0,5.0,15.1,0.0,0,0,Bournemouth,0,3,15.0,5,0
5,2023-09-17,D,0.0,0.0,Chelsea,1.0,1.8,36.0,10421.0,Neto,4-2-3-1,David Coote,13.0,4.0,16.7,1.0,0,0,Bournemouth,1,6,14.0,6,0
6,2023-09-24,L,1.0,3.0,Brighton,1.1,1.9,39.0,31617.0,Neto,4-2-3-1,John Brooks,12.0,3.0,17.6,1.0,0,0,Bournemouth,0,4,14.0,6,0
8,2023-09-30,L,0.0,4.0,Arsenal,0.6,3.4,43.0,11193.0,Neto,4-2-3-1,Michael Salisbury,8.0,1.0,14.1,0.0,0,0,Bournemouth,1,0,15.0,5,0
9,2023-10-07,L,0.0,3.0,Everton,0.7,2.4,52.0,38815.0,Neto,4-2-3-1,David Coote,11.0,3.0,16.2,0.0,0,0,Bournemouth,0,8,15.0,5,0
10,2023-10-21,L,1.0,2.0,Wolves,0.6,2.4,35.0,11175.0,Neto,4-2-3-1,Paul Tierney,7.0,4.0,17.1,0.0,0,0,Bournemouth,1,19,15.0,5,0
11,2023-10-28,W,2.0,1.0,Burnley,1.1,0.8,45.0,11152.0,Lloyd Kelly,4-2-3-1,Samuel Barrott,13.0,6.0,19.5,2.0,0,0,Bournemouth,1,5,15.0,5,1
13,2023-11-04,L,1.0,6.0,Manchester City,0.9,1.9,35.0,53358.0,Lloyd Kelly,5-4-1,Craig Pawson,5.0,1.0,11.4,0.0,0,0,Bournemouth,0,12,15.0,5,0
14,2023-11-11,W,2.0,0.0,Newcastle Utd,2.4,0.5,48.0,11201.0,Neto,4-2-3-1,Chris Kavanagh,19.0,10.0,14.9,0.0,0,0,Bournemouth,1,14,17.5,5,1
15,2023-11-25,W,3.0,1.0,Sheffield Utd,2.9,0.8,54.0,30208.0,Neto,4-2-3-1,Andy Madley,23.0,11.0,15.7,0.0,0,0,Bournemouth,0,16,15.0,5,1
16,2023-12-03,D,2.0,2.0,Aston Villa,2.0,0.7,38.0,11191.0,Neto,4-2-3-1,Thomas Bramall,15.0,7.0,13.6,0.0,0,0,Bournemouth,1,1,14.0,6,0
17,2023-12-06,W,2.0,0.0,Crystal Palace,1.8,1.0,41.0,25078.0,Neto,4-2-3-1,Craig Pawson,11.0,4.0,11.5,0.0,0,0,Bournemouth,0,7,19.5,2,1
18,2023-12-09,W,3.0,0.0,Manchester Utd,1.5,1.1,32.0,73427.0,Neto,4-2-3-1,Peter Bankes,10.0,4.0,12.7,0.0,0,0,Bournemouth,0,13,15.0,5,1
19,2023-12-23,W,3.0,2.0,Nott'ham Forest,1.6,1.0,66.0,29188.0,Neto,4-2-3-1,Robert Jones,18.0,6.0,15.9,1.0,0,0,Bournemouth,0,15,15.0,5,1
20,2023-12-26,W,3.0,0.0,Fulham,1.8,0.3,43.0,11099.0,Neto,4-2-3-1,Tim Robinson,15.0,3.0,18.5,0.0,1,1,Bournemouth,1,9,15.0,1,1
21,2023-12-31,L,1.0,3.0,Tottenham,1.7,2.3,50.0,61780.0,Neto,4-2-3-1,Simon Hooper,24.0,4.0,17.2,1.0,0,0,Bournemouth,0,17,14.0,6,0
23,2024-01-21,L,0.0,4.0,Liverpool,1.4,1.5,40.0,11228.0,Neto,4-2-3-1,Andy Madley,11.0,1.0,19.8,0.0,0,0,Bournemouth,1,10,16.5,6,0
25,2024-02-01,D,1.0,1.0,West Ham,1.2,1.4,52.0,62478.0,Neto,4-2-3-1,Tim Robinson,9.0,4.0,17.2,0.0,0,0,Bournemouth,0,18,19.5,3,0
26,2024-02-04,D,1.0,1.0,Nott'ham Forest,1.3,0.5,45.0,11200.0,Neto,4-2-3-1,Rebecca Welch,9.0,1.0,16.7,1.0,0,0,Bournemouth,1,15,14.0,6,0
27,2024-02-10,L,1.0,3.0,Fulham,1.8,1.6,51.0,24271.0,Neto,4-2-3-1,Darren England,25.0,4.0,16.7,1.0,0,0,Bournemouth,0,9,15.0,5,0
28,2024-02-17,D,2.0,2.0,Newcastle Utd,2.2,2.2,38.0,52224.0,Neto,4-2-3-1,Michael Salisbury,12.0,6.0,20.3,0.0,0,0,Bournemouth,0,14,15.0,5,0
29,2024-02-24,L,0.0,1.0,Manchester City,0.9,1.6,38.0,11184.0,Neto,4-2-3-1,Jarred Gillett,13.0,4.0,17.1,0.0,0,0,Bournemouth,1,12,17.5,5,0
31,2024-03-03,W,2.0,0.0,Burnley,1.1,1.5,26.0,19713.0,Neto,4-2-3-1,David Coote,10.0,3.0,15.1,1.0,0,0,Bournemouth,0,5,13.0,6,1
32,2024-03-09,D,2.0,2.0,Sheffield Utd,3.3,1.2,69.0,11074.0,Neto,4-2-3-1,Anthony Taylor,31.0,11.0,16.9,0.0,0,1,Bournemouth,1,16,15.0,5,0
33,2024-03-13,W,4.0,3.0,Luton Town,2.3,2.0,59.0,11198.0,Neto,4-2-3-1,Samuel Allison,24.0,9.0,15.5,0.0,0,0,Bournemouth,1,11,19.5,2,1
34,2024-03-30,W,2.0,1.0,Everton,1.3,1.0,48.0,11207.0,Neto,4-2-3-1,Samuel Barrott,11.0,4.0,15.6,1.0,0,0,Bournemouth,1,8,15.0,5,1
35,2024-04-02,W,1.0,0.0,Crystal Palace,1.1,0.2,50.0,11058.0,Neto,4-3-3,Graham Scott,11.0,6.0,18.7,2.0,0,0,Bournemouth,1,7,19.75,1,1
36,2024-04-06,L,1.0,2.0,Luton Town,0.4,1.5,45.0,11797.0,Neto,4-2-3-1,Andy Madley,8.0,1.0,19.1,1.0,0,0,Bournemouth,0,11,15.0,5,0
37,2024-04-13,D,2.0,2.0,Manchester Utd,1.6,1.2,43.0,11229.0,Neto,4-2-3-1,Tony Harrington,20.0,5.0,16.8,1.0,0,0,Bournemouth,1,13,17.5,5,0
38,2024-04-21,L,1.0,3.0,Aston Villa,1.8,2.4,44.0,42189.0,Neto,4-2-3-1,Tim Robinson,13.0,4.0,16.4,0.0,1,1,Bournemouth,0,1,15.0,6,0
39,2024-04-24,W,1.0,0.0,Wolves,1.9,0.5,37.0,25541.0,Adam Smith,4-2-3-1,Stuart Attwell,21.0,6.0,16.7,0.0,0,0,Bournemouth,0,19,19.75,2,1
40,2024-04-28,W,3.0,0.0,Brighton,1.9,0.9,31.0,11188.0,Adam Smith,4-4-2,Paul Tierney,15.0,6.0,14.4,1.0,0,0,Bournemouth,1,4,14.0,6,1
41,2024-05-04,L,0.0,3.0,Arsenal,0.5,3.3,45.0,60348.0,Adam Smith,4-3-3,David Coote,7.0,2.0,20.4,1.0,0,0,Bournemouth,0,0,12.5,5,0
0,2023-08-12,W,4.0,1.0,Luton Town,4.0,1.5,70.0,31872.0,Lewis Dunk,4-2-3-1,David Coote,26.0,11.0,17.0,0.0,1,1,Brighton,1,11,15.0,5,1
1,2023-08-19,W,4.0,1.0,Wolves,2.2,2.1,53.0,31317.0,Lewis Dunk,4-2-3-1,Andy Madley,16.0,8.0,15.6,0.0,0,0,Brighton,0,19,15.0,5,1
2,2023-08-26,L,1.0,3.0,West Ham,1.5,3.0,78.0,31508.0,Lewis Dunk,4-2-3-1,Anthony Taylor,25.0,10.0,19.5,1.0,0,0,Brighton,1,18,17.5,5,0
3,2023-09-02,W,3.0,1.0,Newcastle Utd,1.3,1.2,56.0,31620.0,Lewis Dunk,4-2-3-1,Stuart Attwell,15.0,6.0,17.3,0.0,0,0,Brighton,1,14,17.5,5,1
4,2023-09-16,W,3.0,1.0,Manchester Utd,1.7,1.0,56.0,73592.0,Lewis Dunk,4-2-3-1,Jarred Gillett,10.0,8.0,17.1,0.0,0,0,Brighton,0,13,15.0,5,1
6,2023-09-24,W,3.0,1.0,Bournemouth,1.9,1.1,61.0,31617.0,Lewis Dunk,4-2-3-1,John Brooks,13.0,4.0,17.1,0.0,0,0,Brighton,1,2,14.0,6,1
8,2023-09-30,L,1.0,6.0,Aston Villa,1.7,1.6,61.0,40636.0,Lewis Dunk,4-2-3-1,Andy Madley,11.0,3.0,15.4,0.0,0,0,Brighton,0,1,12.5,5,0
10,2023-10-08,D,2.0,2.0,Liverpool,2.3,2.3,46.0,31752.0,Lewis Dunk,4-2-3-1,Anthony Taylor,14.0,3.0,17.0,2.0,0,0,Brighton,1,10,14.0,6,0
11,2023-10-21,L,1.0,2.0,Manchester City,0.8,0.8,45.0,53466.0,Lewis Dunk,4-2-3-1,Robert Jones,5.0,3.0,12.1,0.0,0,0,Brighton,0,12,15.0,5,0
13,2023-10-29,D,1.0,1.0,Fulham,1.4,0.7,71.0,31550.0,Lewis Dunk,3-4-3,Michael Salisbury,18.0,6.0,18.1,1.0,0,0,Brighton,1,9,14.0,6,0
14,2023-11-04,D,1.0,1.0,Everton,0.5,0.7,79.0,38683.0,Lewis Dunk,4-3-3,Tim Robinson,7.0,2.0,15.6,1.0,0,0,Brighton,0,8,15.0,5,0
16,2023-11-12,D,1.0,1.0,Sheffield Utd,1.5,1.1,61.0,31367.0,Pascal Groß,4-2-3-1,John Brooks,11.0,6.0,16.5,0.0,0,0,Brighton,1,16,14.0,6,0
17,2023-11-25,W,3.0,2.0,Nott'ham Forest,1.3,1.9,53.0,29404.0,Lewis Dunk,4-2-3-1,Anthony Taylor,9.0,4.0,19.9,1.0,1,1,Brighton,0,15,15.0,5,1
19,2023-12-03,L,2.0,3.0,Chelsea,1.1,2.1,68.0,39647.0,Adam Lallana,4-2-3-1,Craig Pawson,18.0,9.0,18.6,1.0,0,0,Brighton,0,6,14.0,6,0
20,2023-12-06,W,2.0,1.0,Brentford,1.5,1.5,61.0,31571.0,Pascal Groß,4-2-3-1,Peter Bankes,18.0,7.0,16.1,0.0,0,0,Brighton,1,3,19.5,2,1
21,2023-12-09,D,1.0,1.0,Burnley,2.6,0.6,72.0,31511.0,Lewis Dunk,4-2-3-1,Simon Hooper,29.0,11.0,14.2,2.0,0,0,Brighton,1,5,15.0,5,0
23,2023-12-17,L,0.0,2.0,Arsenal,0.7,2.3,51.0,60257.0,Lewis Dunk,4-2-3-1,Tim Robinson,6.0,1.0,16.9,0.0,0,0,Brighton,0,0,14.0,6,0
24,2023-12-21,D,1.0,1.0,Crystal Palace,1.2,1.3,65.0,24171.0,Lewis Dunk,4-2-3-1,John Brooks,18.0,6.0,17.6,0.0,0,0,Brighton,0,7,20.0,3,0
25,2023-12-28,W,4.0,2.0,Tottenham,3.2,2.3,45.0,31675.0,Lewis Dunk,4-1-2-1-2,Jarred Gillett,13.0,7.0,15.2,0.0,2,2,Brighton,1,17,19.5,3,1
26,2024-01-02,D,0.0,0.0,West Ham,2.3,0.7,68.0,62462.0,Pascal Groß,4-3-1-2,Samuel Barrott,22.0,8.0,14.4,0.0,0,0,Brighton,0,18,19.5,1,0
28,2024-01-22,D,0.0,0.0,Wolves,1.0,1.1,72.0,41505.0,Lewis Dunk,4-3-3,Craig Pawson,11.0,3.0,14.2,0.0,0,0,Brighton,1,19,19.75,0,0
30,2024-01-30,L,0.0,4.0,Luton Town,0.9,3.1,59.0,10994.0,Lewis Dunk,3-4-3,Robert Jones,9.0,2.0,13.9,0.0,0,0,Brighton,0,11,19.75,1,0
31,2024-02-03,W,4.0,1.0,Crystal Palace,1.4,0.3,68.0,31345.0,Lewis Dunk,3-4-3,Simon Hooper,13.0,6.0,16.7,0.0,0,0,Brighton,1,7,15.0,5,1
32,2024-02-10,L,1.0,2.0,Tottenham,1.2,1.6,48.0,61445.0,Lewis Dunk,4-2-3-1,Samuel Barrott,5.0,2.0,17.8,0.0,1,1,Brighton,0,17,15.0,5,0
33,2024-02-18,W,5.0,0.0,Sheffield Utd,2.9,0.6,79.0,29522.0,Lewis Dunk,4-2-3-1,Stuart Attwell,24.0,9.0,15.1,0.0,0,0,Brighton,0,16,14.0,6,1
34,2024-02-24,D,1.0,1.0,Everton,1.4,0.3,64.0,41646.0,Lewis Dunk,4-2-3-1,Tony Harrington,23.0,7.0,16.3,1.0,0,0,Brighton,1,8,15.0,5,0
36,2024-03-02,L,0.0,3.0,Fulham,1.3,1.3,70.0,24460.0,Lewis Dunk,3-4-3,Simon Hooper,15.0,5.0,17.6,0.0,0,0,Brighton,0,9,15.0,5,0
38,2024-03-10,W,1.0,0.0,Nott'ham Forest,0.4,0.7,63.0,31505.0,Lewis Dunk,4-2-3-1,Michael Salisbury,10.0,3.0,17.5,0.0,0,0,Brighton,1,15,14.0,6,1
40,2024-03-31,L,1.0,2.0,Liverpool,0.5,2.8,45.0,60061.0,Lewis Dunk,4-2-3-1,David Coote,9.0,3.0,17.2,0.0,0,0,Brighton,0,10,14.0,6,0
41,2024-04-03,D,0.0,0.0,Brentford,1.1,0.6,66.0,17024.0,Lewis Dunk,4-2-3-1,Andy Madley,24.0,6.0,20.1,0.0,0,0,Brighton,0,3,19.5,2,0
42,2024-04-06,L,0.0,3.0,Arsenal,0.5,3.4,54.0,31677.0,Lewis Dunk,4-2-3-1,John Brooks,10.0,2.0,19.2,0.0,0,0,Brighton,1,0,17.5,5,0
43,2024-04-13,D,1.0,1.0,Burnley,0.9,1.7,55.0,20687.0,Lewis Dunk,4-2-3-1,Simon Hooper,20.0,8.0,18.4,1.0,0,0,Brighton,0,5,15.0,5,0
44,2024-04-25,L,0.0,4.0,Manchester City,0.6,1.4,35.0,31596.0,Lewis Dunk,4-2-3-1,Jarred Gillett,7.0,3.0,16.0,0.0,0,0,Brighton,1,12,20.0,3,0
45,2024-04-28,L,0.0,3.0,Bournemouth,0.9,1.9,69.0,11188.0,Lewis Dunk,4-2-3-1,Paul Tierney,13.0,1.0,16.5,0.0,0,0,Brighton,0,2,14.0,6,0
46,2024-05-05,W,1.0,0.0,Aston Villa,2.5,0.1,52.0,31596.0,Lewis Dunk,4-2-3-1,Robert Jones,14.0,7.0,16.3,0.0,0,1,Brighton,1,1,14.0,6,1
0,2023-08-14,L,0.0,1.0,Manchester Utd,2.2,2.2,49.0,73358.0,Max Kilman,4-4-2,Simon Hooper,23.0,6.0,15.3,0.0,0,0,Wolves,0,13,20.0,0,0
1,2023-08-19,L,1.0,4.0,Brighton,2.1,2.2,47.0,31317.0,Max Kilman,4-4-1-1,Andy Madley,16.0,5.0,16.1,0.0,0,0,Wolves,1,4,15.0,5,0
2,2023-08-26,W,1.0,0.0,Everton,1.1,1.3,53.0,38851.0,Max Kilman,4-4-1-1,Craig Pawson,11.0,2.0,17.8,1.0,0,0,Wolves,0,8,15.0,5,1
4,2023-09-03,L,2.0,3.0,Crystal Palace,1.2,2.1,57.0,24741.0,Max Kilman,4-4-2,Robert Jones,12.0,4.0,16.2,0.0,0,0,Wolves,0,7,14.0,6,0
5,2023-09-16,L,1.0,3.0,Liverpool,0.6,2.5,35.0,31257.0,Max Kilman,4-2-3-1,Michael Oliver,11.0,2.0,18.7,0.0,0,0,Wolves,1,10,12.5,5,0
6,2023-09-23,D,1.0,1.0,Luton Town,0.6,2.1,43.0,10893.0,Max Kilman,4-2-3-1,Joshua Smith,3.0,3.0,7.0,0.0,0,0,Wolves,0,11,15.0,5,0
8,2023-09-30,W,2.0,1.0,Manchester City,0.4,0.9,32.0,31415.0,Max Kilman,3-4-3,Craig Pawson,3.0,1.0,11.4,0.0,0,0,Wolves,1,12,15.0,5,1
9,2023-10-08,D,1.0,1.0,Aston Villa,1.7,1.6,47.0,31425.0,Max Kilman,3-4-3,Robert Jones,8.0,3.0,16.0,0.0,0,0,Wolves,1,1,14.0,6,0
10,2023-10-21,W,2.0,1.0,Bournemouth,2.4,0.6,65.0,11175.0,Max Kilman,3-4-3,Paul Tierney,21.0,7.0,16.2,0.0,0,0,Wolves,0,2,15.0,5,1
11,2023-10-28,D,2.0,2.0,Newcastle Utd,0.9,2.2,43.0,31584.0,Max Kilman,4-4-2,Anthony Taylor,11.0,6.0,17.2,1.0,0,0,Wolves,1,14,17.5,5,0
12,2023-11-04,L,1.0,2.0,Sheffield Utd,1.2,1.0,61.0,29454.0,Max Kilman,4-4-1-1,Robert Jones,10.0,3.0,17.5,1.0,0,0,Wolves,0,16,15.0,5,0
13,2023-11-11,W,2.0,1.0,Tottenham,2.1,0.7,42.0,31642.0,Max Kilman,3-5-2,Tim Robinson,17.0,4.0,18.5,0.0,0,0,Wolves,1,17,12.5,5,1
14,2023-11-27,L,2.0,3.0,Fulham,1.4,2.9,40.0,24366.0,Max Kilman,3-5-2,Michael Salisbury,9.0,5.0,16.6,0.0,1,1,Wolves,0,9,20.0,0,0
15,2023-12-02,L,1.0,2.0,Arsenal,0.7,2.8,43.0,60262.0,Max Kilman,3-5-2,Peter Bankes,6.0,3.0,10.8,0.0,0,0,Wolves,0,0,15.0,5,0
16,2023-12-05,W,1.0,0.0,Burnley,0.8,0.9,51.0,30439.0,Max Kilman,3-4-3,Jarred Gillett,7.0,4.0,15.8,1.0,0,0,Wolves,1,5,19.5,1,1
17,2023-12-09,D,1.0,1.0,Nott'ham Forest,1.2,1.3,68.0,31543.0,Max Kilman,3-4-3,Samuel Barrott,10.0,4.0,15.2,0.0,0,0,Wolves,1,15,15.0,5,0
18,2023-12-17,L,0.0,3.0,West Ham,0.7,1.1,55.0,62455.0,Max Kilman,3-4-3,Chris Kavanagh,14.0,3.0,20.5,0.0,0,0,Wolves,0,18,14.0,6,0
19,2023-12-24,W,2.0,1.0,Chelsea,1.3,2.0,32.0,31641.0,Max Kilman,3-4-3,David Coote,14.0,6.0,16.7,1.0,0,0,Wolves,1,6,13.0,6,1
20,2023-12-27,W,4.0,1.0,Brentford,2.4,2.2,40.0,17109.0,Max Kilman,3-4-3,Andy Madley,11.0,5.0,17.8,0.0,0,0,Wolves,0,3,19.5,2,1
21,2023-12-30,W,3.0,0.0,Everton,1.9,0.4,53.0,31639.0,Max Kilman,3-4-3,Thomas Bramall,12.0,6.0,13.4,0.0,0,0,Wolves,1,8,15.0,5,1
24,2024-01-22,D,0.0,0.0,Brighton,1.1,1.0,28.0,41505.0,Max Kilman,3-4-3,Craig Pawson,8.0,3.0,18.6,0.0,0,0,Wolves,0,4,19.75,0,0
26,2024-02-01,L,3.0,4.0,Manchester Utd,2.1,3.3,53.0,31641.0,Max Kilman,3-4-3,Jarred Gillett,15.0,5.0,16.6,1.0,1,1,Wolves,1,13,20.25,3,0
27,2024-02-04,W,4.0,2.0,Chelsea,2.0,1.7,36.0,39628.0,Max Kilman,3-4-3,Tim Robinson,13.0,6.0,16.6,2.0,1,1,Wolves,0,6,14.0,6,1
28,2024-02-10,L,0.0,2.0,Brentford,1.0,1.9,71.0,30731.0,Max Kilman,3-4-3,Simon Hooper,17.0,5.0,17.2,1.0,0,0,Wolves,1,3,15.0,5,0
29,2024-02-17,W,2.0,1.0,Tottenham,1.8,1.6,29.0,61532.0,José Sá,3-4-3,Anthony Taylor,12.0,7.0,15.9,0.0,0,0,Wolves,0,17,15.0,5,1
30,2024-02-25,W,1.0,0.0,Sheffield Utd,1.3,0.6,63.0,30789.0,Max Kilman,3-4-3,Darren Bond,13.0,2.0,14.6,0.0,0,0,Wolves,1,16,13.5,6,1
32,2024-03-02,L,0.0,3.0,Newcastle Utd,0.8,2.1,56.0,52206.0,Max Kilman,3-4-3,Tim Robinson,12.0,3.0,15.9,0.0,0,0,Wolves,0,14,15.0,5,0
33,2024-03-09,W,2.0,1.0,Fulham,0.8,2.6,48.0,30860.0,Max Kilman,4-2-3-1,Tony Harrington,8.0,3.0,16.3,0.0,0,0,Wolves,1,9,15.0,5,1
35,2024-03-30,L,0.0,2.0,Aston Villa,1.5,1.0,52.0,42640.0,Max Kilman,3-4-3,Paul Tierney,13.0,3.0,14.6,1.0,0,0,Wolves,0,1,17.5,5,0
36,2024-04-02,D,1.0,1.0,Burnley,0.9,1.3,49.0,21528.0,Max Kilman,4-4-1-1,Thomas Bramall,8.0,2.0,12.4,0.0,0,0,Wolves,0,5,19.75,1,0
37,2024-04-06,L,1.0,2.0,West Ham,1.5,1.2,58.0,31504.0,Max Kilman,3-4-3,Tony Harrington,13.0,6.0,25.4,1.0,1,1,Wolves,1,18,15.0,5,0
38,2024-04-13,D,2.0,2.0,Nott'ham Forest,1.0,1.9,54.0,29604.0,Max Kilman,3-4-1-2,Craig Pawson,11.0,3.0,16.1,0.0,0,0,Wolves,0,15,15.0,5,0
39,2024-04-20,L,0.0,2.0,Arsenal,0.2,1.2,46.0,31621.0,Max Kilman,4-4-2,Paul Tierney,5.0,3.0,20.1,0.0,0,0,Wolves,1,0,19.5,5,0
40,2024-04-24,L,0.0,1.0,Bournemouth,0.5,1.9,63.0,25541.0,Max Kilman,4-1-4-1,Stuart Attwell,15.0,4.0,20.1,0.0,0,0,Wolves,1,2,19.75,2,0
41,2024-04-27,W,2.0,1.0,Luton Town,1.2,0.6,58.0,31531.0,Max Kilman,3-5-1-1,David Coote,13.0,5.0,18.8,0.0,0,0,Wolves,1,11,15.0,5,1
42,2024-05-04,L,1.0,5.0,Manchester City,0.3,3.7,42.0,52439.0,Max Kilman,3-5-2,Craig Pawson,2.0,1.0,9.0,0.0,0,0,Wolves,0,12,17.5,5,0
0,2023-08-12,W,1.0,0.0,Everton,1.5,2.7,58.0,39940.0,Tom Cairney,4-3-3,Stuart Attwell,9.0,2.0,13.2,0.0,0,0,Fulham,0,8,15.0,5,1
1,2023-08-19,L,0.0,3.0,Brentford,0.5,3.7,55.0,24236.0,Tim Ream,4-3-3,Darren Bond,10.0,2.0,22.3,1.0,0,0,Fulham,1,3,15.0,5,0
2,2023-08-26,D,2.0,2.0,Arsenal,0.6,3.2,29.0,59961.0,Bobby Reid,4-3-3,Paul Tierney,8.0,3.0,17.8,0.0,0,0,Fulham,0,0,15.0,5,0
4,2023-09-02,L,1.0,5.0,Manchester City,1.4,2.2,32.0,52899.0,Tom Cairney,4-3-3,Michael Oliver,6.0,4.0,11.4,0.0,0,0,Fulham,0,12,15.0,5,0
5,2023-09-16,W,1.0,0.0,Luton Town,1.0,1.1,77.0,24467.0,Tim Ream,4-3-3,Michael Salisbury,13.0,2.0,19.5,2.0,0,0,Fulham,1,11,15.0,5,1
6,2023-09-23,D,0.0,0.0,Crystal Palace,0.6,0.3,49.0,25072.0,Tim Ream,4-3-3,Paul Tierney,10.0,5.0,18.7,1.0,0,0,Fulham,0,7,15.0,5,0
8,2023-10-02,L,0.0,2.0,Chelsea,1.1,1.7,56.0,24445.0,Tim Ream,4-3-3,Tim Robinson,10.0,3.0,13.2,0.0,0,0,Fulham,1,6,20.0,0,0
9,2023-10-07,W,3.0,1.0,Sheffield Utd,2.2,0.6,60.0,24361.0,Tim Ream,4-3-3,Samuel Barrott,20.0,6.0,20.2,0.0,0,0,Fulham,1,16,15.0,5,1
10,2023-10-23,L,0.0,2.0,Tottenham,1.0,1.5,45.0,61286.0,Tim Ream,4-2-3-1,Anthony Taylor,10.0,3.0,17.6,0.0,0,0,Fulham,0,17,20.0,0,0
11,2023-10-29,D,1.0,1.0,Brighton,0.7,1.4,29.0,31550.0,Tim Ream,4-2-3-1,Michael Salisbury,10.0,5.0,19.3,0.0,0,0,Fulham,0,4,14.0,6,0
13,2023-11-04,L,0.0,1.0,Manchester Utd,1.0,0.7,45.0,24415.0,Tim Ream,4-2-3-1,John Brooks,18.0,2.0,18.6,1.0,0,0,Fulham,1,13,12.5,5,0
14,2023-11-12,L,1.0,3.0,Aston Villa,0.9,3.0,49.0,41608.0,Tim Ream,4-2-3-1,Simon Hooper,9.0,5.0,19.5,0.0,0,0,Fulham,0,1,14.0,6,0
15,2023-11-27,W,3.0,2.0,Wolves,2.9,1.4,60.0,24366.0,Tom Cairney,4-2-3-1,Michael Salisbury,10.0,4.0,22.9,0.0,2,2,Fulham,1,19,20.0,0,1
16,2023-12-03,L,3.0,4.0,Liverpool,1.2,2.1,39.0,50124.0,Tim Ream,4-2-3-1,Stuart Attwell,9.0,5.0,13.3,0.0,0,0,Fulham,0,10,14.0,6,0
17,2023-12-06,W,5.0,0.0,Nott'ham Forest,2.5,0.3,63.0,24105.0,Tom Cairney,4-2-3-1,Joshua Smith,14.0,6.0,17.3,1.0,0,0,Fulham,1,15,19.5,2,1
18,2023-12-10,W,5.0,0.0,West Ham,2.3,1.3,63.0,23988.0,Tom Cairney,4-2-3-1,Paul Tierney,14.0,8.0,17.7,0.0,0,0,Fulham,1,18,14.0,6,1
19,2023-12-16,L,0.0,3.0,Newcastle Utd,0.3,3.5,30.0,52055.0,Tom Cairney,4-2-3-1,Samuel Barrott,6.0,4.0,23.1,0.0,0,0,Fulham,0,14,15.0,5,0
21,2023-12-23,L,0.0,2.0,Burnley,1.3,0.4,66.0,23598.0,Tom Cairney,4-2-3-1,Rebecca Welch,19.0,5.0,16.3,1.0,0,0,Fulham,1,5,15.0,5,0
22,2023-12-26,L,0.0,3.0,Bournemouth,0.3,1.8,57.0,11099.0,Tom Cairney,4-2-3-1,Tim Robinson,8.0,3.0,21.6,1.0,0,0,Fulham,0,2,15.0,1,0
23,2023-12-31,W,2.0,1.0,Arsenal,1.2,1.6,40.0,24444.0,Tom Cairney,4-2-3-1,Joshua Smith,15.0,4.0,18.2,1.0,0,0,Fulham,1,0,14.0,6,1
26,2024-01-13,L,0.0,1.0,Chelsea,0.8,2.2,45.0,39643.0,Tom Cairney,4-2-3-1,Anthony Taylor,14.0,4.0,22.0,2.0,0,0,Fulham,0,6,12.5,5,0
29,2024-01-30,D,0.0,0.0,Everton,1.6,1.9,70.0,24376.0,Tom Cairney,4-2-3-1,Thomas Bramall,25.0,5.0,17.3,0.0,0,0,Fulham,1,8,19.75,1,0
30,2024-02-03,D,2.0,2.0,Burnley,1.5,1.8,56.0,20203.0,Tim Ream,4-2-3-1,Darren Bond,15.0,7.0,13.2,0.0,0,0,Fulham,0,5,15.0,5,0
31,2024-02-10,W,3.0,1.0,Bournemouth,1.6,1.8,49.0,24271.0,Tom Cairney,4-2-3-1,Darren England,7.0,6.0,11.4,0.0,0,0,Fulham,1,2,15.0,5,1
32,2024-02-17,L,1.0,2.0,Aston Villa,1.5,1.5,52.0,24401.0,Tom Cairney,4-2-3-1,Lewis Smith,15.0,4.0,14.7,0.0,0,0,Fulham,1,1,15.0,5,0
33,2024-02-24,W,2.0,1.0,Manchester Utd,1.2,1.7,43.0,73487.0,Harrison Reed,4-2-3-1,Michael Oliver,17.0,5.0,17.1,0.0,0,0,Fulham,0,13,15.0,5,1
34,2024-03-02,W,3.0,0.0,Brighton,1.3,1.3,30.0,24460.0,Harrison Reed,4-2-3-1,Simon Hooper,12.0,5.0,14.6,0.0,0,0,Fulham,1,4,15.0,5,1
35,2024-03-09,L,1.0,2.0,Wolves,2.6,0.8,52.0,30860.0,Harrison Reed,4-2-3-1,Tony Harrington,23.0,6.0,14.1,0.0,0,0,Fulham,0,19,15.0,5,0
36,2024-03-16,W,3.0,0.0,Tottenham,2.6,2.4,43.0,24410.0,Bernd Leno,4-2-3-1,Robert Jones,16.0,7.0,12.7,0.0,0,0,Fulham,1,17,17.5,5,1
37,2024-03-30,D,3.0,3.0,Sheffield Utd,1.3,1.9,73.0,30010.0,Bernd Leno,4-2-3-1,Tim Robinson,24.0,9.0,17.6,0.0,0,0,Fulham,0,16,15.0,5,0
38,2024-04-02,L,1.0,3.0,Nott'ham Forest,1.5,1.5,66.0,28997.0,Bernd Leno,4-2-3-1,Michael Oliver,18.0,3.0,12.3,0.0,0,0,Fulham,0,15,19.5,1,0
39,2024-04-06,L,0.0,1.0,Newcastle Utd,1.2,1.0,66.0,24418.0,Tom Cairney,4-2-3-1,Samuel Allison,14.0,4.0,17.6,0.0,0,0,Fulham,1,14,15.0,5,0
40,2024-04-14,W,2.0,0.0,West Ham,3.2,0.9,42.0,62459.0,Bernd Leno,4-2-3-1,Stuart Attwell,18.0,10.0,15.1,0.0,0,0,Fulham,0,18,14.0,6,1
41,2024-04-21,L,1.0,3.0,Liverpool,0.8,1.0,40.0,24414.0,Bobby Reid,4-2-3-1,Craig Pawson,12.0,5.0,17.1,1.0,0,0,Fulham,1,10,16.5,6,0
42,2024-04-27,D,1.0,1.0,Crystal Palace,1.1,1.0,53.0,24142.0,Harrison Reed,4-2-3-1,Stuart Attwell,9.0,2.0,14.9,0.0,0,0,Fulham,1,7,15.0,5,0
43,2024-05-04,D,0.0,0.0,Brentford,1.3,0.6,46.0,17090.0,Bernd Leno,4-2-3-1,Graham Scott,15.0,3.0,17.4,0.0,0,0,Fulham,0,3,15.0,5,0
0,2023-08-12,W,1.0,0.0,Sheffield Utd,1.9,0.5,68.0,31194.0,Joel Ward,4-2-3-1,John Brooks,24.0,8.0,18.5,1.0,0,0,Crystal Palace,0,16,15.0,5,1
1,2023-08-21,L,0.0,1.0,Arsenal,1.0,2.0,47.0,24189.0,Joel Ward,4-2-3-1,David Coote,14.0,2.0,16.4,1.0,0,0,Crystal Palace,1,0,20.0,0,0
2,2023-08-26,D,1.0,1.0,Brentford,0.8,1.0,40.0,16997.0,Joel Ward,4-2-3-1,Peter Bankes,15.0,5.0,16.9,1.0,0,0,Crystal Palace,0,3,15.0,5,0
4,2023-09-03,W,3.0,2.0,Wolves,2.1,1.2,43.0,24741.0,Joel Ward,4-3-3,Robert Jones,16.0,10.0,13.8,1.0,0,0,Crystal Palace,1,19,14.0,6,1
5,2023-09-16,L,1.0,3.0,Aston Villa,1.2,3.0,34.0,40809.0,Joel Ward,4-4-1-1,Darren England,6.0,3.0,16.1,0.0,0,0,Crystal Palace,0,1,15.0,5,0
6,2023-09-23,D,0.0,0.0,Fulham,0.3,0.6,51.0,25072.0,Joel Ward,4-2-3-1,Paul Tierney,7.0,3.0,18.9,1.0,0,0,Crystal Palace,1,9,15.0,5,0
8,2023-09-30,W,1.0,0.0,Manchester Utd,0.9,1.3,23.0,73428.0,Joel Ward,4-3-3,Chris Kavanagh,8.0,2.0,13.5,0.0,0,0,Crystal Palace,0,13,15.0,5,1
9,2023-10-07,D,0.0,0.0,Nott'ham Forest,0.8,1.0,52.0,25017.0,Marc Guéhi,4-3-3,Craig Pawson,8.0,2.0,15.2,0.0,0,0,Crystal Palace,1,15,17.5,5,0
10,2023-10-21,L,0.0,4.0,Newcastle Utd,1.2,2.4,41.0,52189.0,Joel Ward,4-3-3,Tim Robinson,17.0,3.0,17.8,1.0,0,0,Crystal Palace,0,14,15.0,5,0
11,2023-10-27,L,1.0,2.0,Tottenham,0.6,1.1,25.0,25074.0,Joel Ward,4-2-3-1,Andy Madley,13.0,3.0,17.2,0.0,0,0,Crystal Palace,1,17,20.0,4,0
12,2023-11-04,W,2.0,0.0,Burnley,1.3,1.1,33.0,21578.0,Joel Ward,4-2-3-1,Peter Bankes,4.0,3.0,13.9,0.0,0,0,Crystal Palace,0,5,15.0,5,1
13,2023-11-11,L,2.0,3.0,Everton,2.2,1.5,67.0,25103.0,Joel Ward,4-2-3-1,Samuel Barrott,12.0,3.0,17.9,0.0,1,1,Crystal Palace,1,8,15.0,5,0
14,2023-11-25,L,1.0,2.0,Luton Town,1.6,0.9,61.0,11029.0,Joel Ward,4-2-3-1,Jarred Gillett,16.0,8.0,16.3,1.0,0,0,Crystal Palace,0,11,15.0,5,0
15,2023-12-03,D,1.0,1.0,West Ham,0.9,1.1,45.0,62414.0,Joel Ward,4-3-3,Michael Oliver,9.0,2.0,17.4,1.0,0,0,Crystal Palace,0,18,14.0,6,0
16,2023-12-06,L,0.0,2.0,Bournemouth,1.0,1.8,59.0,25078.0,Joel Ward,4-2-3-1,Craig Pawson,16.0,3.0,18.9,1.0,0,0,Crystal Palace,1,2,19.5,2,0
17,2023-12-09,L,1.0,2.0,Liverpool,1.7,1.2,24.0,25103.0,Joel Ward,4-3-3,Andy Madley,7.0,3.0,17.4,0.0,1,1,Crystal Palace,1,10,12.5,5,0
18,2023-12-16,D,2.0,2.0,Manchester City,1.8,1.6,26.0,53248.0,Joel Ward,5-4-1,Paul Tierney,4.0,1.0,21.1,1.0,1,1,Crystal Palace,0,12,15.0,5,0
19,2023-12-21,D,1.0,1.0,Brighton,1.3,1.2,35.0,24171.0,Marc Guéhi,4-3-3,John Brooks,11.0,3.0,13.4,0.0,0,0,Crystal Palace,1,4,20.0,3,0
20,2023-12-27,L,1.0,2.0,Chelsea,1.1,2.6,37.0,39618.0,Marc Guéhi,4-3-3,Michael Salisbury,13.0,5.0,19.6,2.0,0,0,Crystal Palace,0,6,19.5,2,0
21,2023-12-30,W,3.0,1.0,Brentford,1.0,1.4,46.0,25472.0,Marc Guéhi,4-3-3,Robert Jones,13.0,6.0,16.2,0.0,0,0,Crystal Palace,1,3,15.0,5,1
24,2024-01-20,L,0.0,5.0,Arsenal,0.3,3.3,40.0,60284.0,Marc Guéhi,3-4-3,Paul Tierney,12.0,5.0,24.4,2.0,0,0,Crystal Palace,0,0,12.5,5,0
25,2024-01-30,W,3.0,2.0,Sheffield Utd,1.1,0.8,53.0,24781.0,Marc Guéhi,4-3-3,Tony Harrington,12.0,4.0,17.1,0.0,0,0,Crystal Palace,1,16,20.0,1,1
26,2024-02-03,L,1.0,4.0,Brighton,0.3,1.4,32.0,31345.0,Marc Guéhi,4-3-3,Simon Hooper,7.0,5.0,20.6,0.0,0,0,Crystal Palace,0,4,15.0,5,0
27,2024-02-12,L,1.0,3.0,Chelsea,0.6,1.4,23.0,25110.0,Joachim Andersen,4-1-4-1,Michael Oliver,13.0,4.0,18.7,0.0,0,0,Crystal Palace,1,6,20.0,0,0
28,2024-02-19,D,1.0,1.0,Everton,0.7,1.7,39.0,38164.0,Joel Ward,3-4-3,Paul Tierney,10.0,3.0,13.0,0.0,0,0,Crystal Palace,0,8,20.0,0,0
29,2024-02-24,W,3.0,0.0,Burnley,2.4,0.1,56.0,24042.0,Joel Ward,3-4-3,Lewis Smith,14.0,5.0,15.3,1.0,1,1,Crystal Palace,1,5,15.0,5,1
30,2024-03-02,L,1.0,3.0,Tottenham,0.3,1.9,22.0,61339.0,Joel Ward,3-4-3,John Brooks,4.0,1.0,18.6,1.0,0,0,Crystal Palace,0,17,15.0,5,0
31,2024-03-09,D,1.0,1.0,Luton Town,2.7,0.8,49.0,25103.0,Joel Ward,3-4-3,Sunny Singh,21.0,4.0,16.5,0.0,0,0,Crystal Palace,1,11,15.0,5,0
32,2024-03-30,D,1.0,1.0,Nott'ham Forest,1.2,0.9,41.0,29520.0,Joel Ward,3-4-3,Chris Kavanagh,10.0,3.0,18.4,0.0,0,0,Crystal Palace,0,15,15.0,5,0
33,2024-04-02,L,0.0,1.0,Bournemouth,0.2,1.1,50.0,11058.0,Joel Ward,3-4-3,Graham Scott,3.0,2.0,15.0,0.0,0,0,Crystal Palace,0,2,19.75,1,0
34,2024-04-06,L,2.0,4.0,Manchester City,1.1,1.9,25.0,25132.0,Joel Ward,3-4-3,Paul Tierney,7.0,4.0,16.8,0.0,0,0,Crystal Palace,1,12,12.5,5,0
35,2024-04-14,W,1.0,0.0,Liverpool,2.0,2.7,31.0,60090.0,Joachim Andersen,3-4-3,Chris Kavanagh,8.0,4.0,14.1,0.0,0,0,Crystal Palace,0,10,14.0,6,1
36,2024-04-21,W,5.0,2.0,West Ham,2.4,1.3,60.0,25145.0,Joachim Andersen,3-4-3,Graham Scott,18.0,7.0,16.6,1.0,0,0,Crystal Palace,1,18,15.0,6,1
37,2024-04-24,W,2.0,0.0,Newcastle Utd,0.9,0.4,47.0,25002.0,Joachim Andersen,3-4-3,Thomas Bramall,20.0,7.0,21.2,3.0,0,0,Crystal Palace,1,14,20.0,2,1
38,2024-04-27,D,1.0,1.0,Fulham,1.0,1.1,47.0,24142.0,Joachim Andersen,3-4-3,Stuart Attwell,14.0,4.0,19.7,0.0,0,0,Crystal Palace,0,9,15.0,5,0
39,2024-05-06,W,4.0,0.0,Manchester Utd,1.7,0.4,43.0,25190.0,Joachim Andersen,3-4-3,Jarred Gillett,18.0,10.0,16.8,0.0,0,0,Crystal Palace,1,13,20.0,0,1
0,2023-08-12,L,0.0,1.0,Fulham,2.7,1.5,42.0,39940.0,James Tarkowski,4-4-1-1,Stuart Attwell,19.0,9.0,15.8,0.0,0,0,Everton,1,9,15.0,5,0
1,2023-08-20,L,0.0,4.0,Aston Villa,0.6,2.9,40.0,41694.0,James Tarkowski,4-1-4-1,Anthony Taylor,9.0,2.0,14.7,0.0,0,0,Everton,0,1,14.0,6,0
2,2023-08-26,L,0.0,1.0,Wolves,1.3,1.1,47.0,38851.0,James Tarkowski,4-1-4-1,Craig Pawson,15.0,7.0,13.8,0.0,0,0,Everton,1,19,15.0,5,0
4,2023-09-02,D,2.0,2.0,Sheffield Utd,2.5,1.2,54.0,31124.0,James Tarkowski,4-4-1-1,Andy Madley,16.0,6.0,14.8,2.0,0,0,Everton,0,16,12.5,5,0
5,2023-09-17,L,0.0,1.0,Arsenal,0.3,1.0,26.0,39217.0,James Tarkowski,4-5-1,Simon Hooper,8.0,1.0,21.6,0.0,0,0,Everton,1,0,16.5,6,0
6,2023-09-23,W,3.0,1.0,Brentford,1.9,1.0,43.0,16981.0,James Tarkowski,4-4-1-1,Michael Oliver,18.0,6.0,17.8,0.0,0,0,Everton,0,3,17.5,5,1
8,2023-09-30,L,1.0,2.0,Luton Town,2.9,0.9,67.0,39289.0,James Tarkowski,4-4-1-1,Anthony Taylor,23.0,4.0,14.4,0.0,0,0,Everton,1,11,15.0,5,0
9,2023-10-07,W,3.0,0.0,Bournemouth,2.4,0.7,48.0,38815.0,James Tarkowski,4-4-1-1,David Coote,25.0,8.0,15.8,0.0,0,0,Everton,1,2,15.0,5,1
10,2023-10-21,L,0.0,2.0,Liverpool,0.1,2.2,23.0,50201.0,James Tarkowski,4-4-1-1,Craig Pawson,6.0,1.0,35.2,0.0,0,0,Everton,0,10,12.5,5,0
11,2023-10-29,W,1.0,0.0,West Ham,0.8,0.7,36.0,62469.0,James Tarkowski,4-4-1-1,Stuart Attwell,10.0,4.0,17.4,0.0,0,0,Everton,0,18,13.0,6,1
13,2023-11-04,D,1.0,1.0,Brighton,0.7,0.5,21.0,38683.0,James Tarkowski,4-4-1-1,Tim Robinson,10.0,4.0,14.4,1.0,0,0,Everton,1,4,15.0,5,0
14,2023-11-11,W,3.0,2.0,Crystal Palace,1.5,2.2,33.0,25103.0,James Tarkowski,4-4-1-1,Samuel Barrott,8.0,4.0,14.5,0.0,0,0,Everton,0,7,15.0,5,1
15,2023-11-26,L,0.0,3.0,Manchester Utd,2.4,2.2,51.0,39257.0,James Tarkowski,4-4-1-1,John Brooks,24.0,6.0,16.9,0.0,0,0,Everton,1,13,16.5,6,0
16,2023-12-02,W,1.0,0.0,Nott'ham Forest,0.7,0.7,39.0,29404.0,James Tarkowski,4-4-1-1,Paul Tierney,12.0,2.0,20.8,1.0,0,0,Everton,0,15,17.5,5,1
17,2023-12-07,W,3.0,0.0,Newcastle Utd,3.3,1.5,38.0,38198.0,Séamus Coleman,4-4-1-1,Tim Robinson,21.0,6.0,13.3,0.0,0,0,Everton,1,14,19.5,3,1
18,2023-12-10,W,2.0,0.0,Chelsea,1.2,0.9,29.0,39280.0,James Tarkowski,4-4-1-1,Michael Oliver,9.0,5.0,16.4,0.0,0,0,Everton,1,6,14.0,6,1
19,2023-12-16,W,2.0,0.0,Burnley,1.4,0.7,39.0,21413.0,James Tarkowski,5-4-1,Anthony Taylor,9.0,6.0,11.8,1.0,0,0,Everton,0,5,17.5,5,1
21,2023-12-23,L,1.0,2.0,Tottenham,1.8,1.5,39.0,61808.0,James Tarkowski,4-2-3-1,Stuart Attwell,18.0,8.0,15.8,0.0,0,0,Everton,0,17,15.0,5,0
22,2023-12-27,L,1.0,3.0,Manchester City,1.0,2.4,28.0,39327.0,James Tarkowski,4-2-3-1,John Brooks,7.0,2.0,12.5,0.0,0,0,Everton,1,12,20.25,2,0
23,2023-12-30,L,0.0,3.0,Wolves,0.4,1.9,47.0,31639.0,James Tarkowski,5-4-1,Thomas Bramall,10.0,0.0,20.7,0.0,0,0,Everton,0,19,15.0,5,0
25,2024-01-14,D,0.0,0.0,Aston Villa,1.1,1.2,32.0,39284.0,Séamus Coleman,4-2-3-1,David Coote,10.0,2.0,17.2,1.0,0,0,Everton,1,1,14.0,6,0
28,2024-01-30,D,0.0,0.0,Fulham,1.9,1.6,30.0,24376.0,James Tarkowski,4-4-1-1,Thomas Bramall,21.0,2.0,14.4,2.0,0,0,Everton,0,9,19.75,1,0
29,2024-02-03,D,2.0,2.0,Tottenham,2.6,1.0,43.0,39321.0,James Tarkowski,4-4-1-1,Michael Oliver,14.0,4.0,14.3,0.0,0,0,Everton,1,17,12.5,5,0
30,2024-02-10,L,0.0,2.0,Manchester City,0.3,1.6,28.0,52187.0,James Tarkowski,4-2-3-1,John Brooks,5.0,1.0,22.9,0.0,0,0,Everton,0,12,12.5,5,0
31,2024-02-19,D,1.0,1.0,Crystal Palace,1.7,0.7,61.0,38164.0,James Tarkowski,4-4-1-1,Paul Tierney,19.0,4.0,16.4,1.0,0,0,Everton,1,7,20.0,0,0
32,2024-02-24,D,1.0,1.0,Brighton,0.3,1.4,36.0,41646.0,James Tarkowski,4-4-1-1,Tony Harrington,6.0,2.0,16.0,0.0,0,0,Everton,0,4,15.0,5,0
33,2024-03-02,L,1.0,3.0,West Ham,2.7,1.9,55.0,39262.0,James Tarkowski,4-4-1-1,Craig Pawson,21.0,9.0,21.8,0.0,0,1,Everton,1,18,15.0,5,0
34,2024-03-09,L,0.0,2.0,Manchester Utd,1.6,2.7,49.0,73601.0,James Tarkowski,4-4-1-1,Simon Hooper,23.0,6.0,16.9,1.0,0,0,Everton,0,13,12.5,5,0
35,2024-03-30,L,1.0,2.0,Bournemouth,1.0,1.3,52.0,11207.0,Séamus Coleman,4-4-1-1,Samuel Barrott,7.0,3.0,16.0,0.0,0,0,Everton,0,2,15.0,5,0
36,2024-04-02,D,1.0,1.0,Newcastle Utd,1.4,2.4,43.0,52135.0,James Tarkowski,4-4-1-1,Tony Harrington,9.0,2.0,17.4,0.0,1,1,Everton,0,14,19.5,1,0
37,2024-04-06,W,1.0,0.0,Burnley,0.9,0.5,38.0,39125.0,Séamus Coleman,4-4-1-1,Michael Oliver,12.0,3.0,20.0,1.0,0,0,Everton,1,5,15.0,5,1
38,2024-04-15,L,0.0,6.0,Chelsea,1.5,3.1,42.0,39392.0,Séamus Coleman,4-4-1-1,Paul Tierney,10.0,2.0,13.7,0.0,0,0,Everton,0,6,20.0,0,0
39,2024-04-21,W,2.0,0.0,Nott'ham Forest,0.3,0.9,41.0,39239.0,James Tarkowski,4-1-4-1,Anthony Taylor,7.0,4.0,18.7,0.0,0,0,Everton,1,15,13.5,6,1
40,2024-04-24,W,2.0,0.0,Liverpool,1.2,2.1,25.0,38222.0,James Tarkowski,4-4-1-1,Andy Madley,16.0,6.0,14.9,0.0,0,0,Everton,1,10,20.0,2,1
41,2024-04-27,W,1.0,0.0,Brentford,0.8,0.9,48.0,39098.0,James Tarkowski,4-4-1-1,Darren England,18.0,1.0,19.1,1.0,0,0,Everton,1,3,17.5,5,1
42,2024-05-03,D,1.0,1.0,Luton Town,1.4,0.8,49.0,11873.0,James Tarkowski,4-4-1-1,Tim Robinson,9.0,2.0,18.7,0.0,1,1,Everton,0,11,20.0,4,0
0,2023-08-13,D,2.0,2.0,Tottenham,2.2,1.3,31.0,17066.0,Christian Nørgaard,5-3-2,Robert Jones,10.0,5.0,18.0,0.0,1,1,Brentford,1,17,14.0,6,0
1,2023-08-19,W,3.0,0.0,Fulham,3.7,0.5,45.0,24236.0,Christian Nørgaard,4-3-3,Darren Bond,16.0,7.0,13.8,1.0,1,1,Brentford,0,9,15.0,5,1
2,2023-08-26,D,1.0,1.0,Crystal Palace,1.0,0.8,60.0,16997.0,Christian Nørgaard,4-3-3,Peter Bankes,12.0,1.0,13.7,0.0,0,0,Brentford,1,7,15.0,5,0
4,2023-09-02,D,2.0,2.0,Bournemouth,2.9,2.1,60.0,16973.0,Christian Nørgaard,4-3-3,Robert Madley,21.0,7.0,14.7,1.0,0,0,Brentford,1,2,15.0,5,0
5,2023-09-16,L,0.0,1.0,Newcastle Utd,0.5,1.4,44.0,51670.0,Christian Nørgaard,5-3-2,Craig Pawson,11.0,2.0,15.7,0.0,0,0,Brentford,0,14,17.5,5,0
6,2023-09-23,L,1.0,3.0,Everton,1.0,1.9,57.0,16981.0,Christian Nørgaard,4-3-3,Michael Oliver,12.0,2.0,13.9,1.0,0,0,Brentford,1,8,17.5,5,0
8,2023-10-01,D,1.0,1.0,Nott'ham Forest,1.6,0.5,59.0,29004.0,Christian Nørgaard,4-3-3,Paul Tierney,18.0,3.0,14.1,0.0,0,0,Brentford,0,15,14.0,6,0
9,2023-10-07,L,1.0,2.0,Manchester Utd,0.9,1.4,36.0,73453.0,Christian Nørgaard,3-5-2,Andy Madley,11.0,3.0,17.3,0.0,0,0,Brentford,0,13,15.0,5,0
10,2023-10-21,W,3.0,0.0,Burnley,3.1,1.1,50.0,17029.0,Christian Nørgaard,4-3-3,Joshua Smith,23.0,9.0,15.0,1.0,0,0,Brentford,1,5,15.0,5,1
11,2023-10-28,W,2.0,0.0,Chelsea,2.2,1.9,32.0,39575.0,Christian Nørgaard,3-5-2,Simon Hooper,7.0,5.0,12.7,0.0,0,0,Brentford,0,6,12.5,5,1
12,2023-11-04,W,3.0,2.0,West Ham,1.5,1.8,58.0,17103.0,Christian Nørgaard,4-3-3,Thomas Bramall,16.0,4.0,15.7,1.0,0,0,Brentford,1,18,15.0,5,1
13,2023-11-12,L,0.0,3.0,Liverpool,1.6,1.7,42.0,50151.0,Christian Nørgaard,5-3-2,Paul Tierney,16.0,3.0,17.0,2.0,0,0,Brentford,0,10,14.0,6,0
14,2023-11-25,L,0.0,1.0,Arsenal,1.1,1.6,37.0,17201.0,Christian Nørgaard,5-3-2,Tim Robinson,9.0,1.0,13.9,0.0,0,0,Brentford,1,0,17.5,5,0
15,2023-12-02,W,3.0,1.0,Luton Town,3.1,0.2,68.0,17075.0,Christian Nørgaard,4-3-3,Anthony Taylor,27.0,6.0,15.4,0.0,0,0,Brentford,1,11,15.0,5,1
16,2023-12-06,L,1.0,2.0,Brighton,1.5,1.5,39.0,31571.0,Vitaly Janelt,4-4-2,Peter Bankes,7.0,0.0,17.6,0.0,1,1,Brentford,0,4,19.5,2,0
17,2023-12-09,L,0.0,1.0,Sheffield Utd,0.6,0.8,59.0,28509.0,Christian Nørgaard,4-3-3,Stuart Attwell,10.0,4.0,16.7,0.0,0,0,Brentford,0,16,15.0,5,0
18,2023-12-17,L,1.0,2.0,Aston Villa,0.5,1.4,34.0,17034.0,Christian Nørgaard,3-5-2,David Coote,4.0,3.0,13.3,0.0,0,0,Brentford,1,1,14.0,6,0
19,2023-12-27,L,1.0,4.0,Wolves,2.2,2.4,60.0,17109.0,Christian Nørgaard,4-3-3,Andy Madley,14.0,4.0,13.8,0.0,0,0,Brentford,1,19,19.5,2,0
20,2023-12-30,L,1.0,3.0,Crystal Palace,1.4,1.0,54.0,25472.0,Christian Nørgaard,3-5-2,Robert Jones,9.0,4.0,16.0,0.0,0,0,Brentford,0,7,15.0,5,0
23,2024-01-20,W,3.0,2.0,Nott'ham Forest,1.2,1.2,48.0,17077.0,Ivan Toney,3-5-2,Darren England,11.0,5.0,14.8,1.0,0,0,Brentford,1,15,17.5,5,1
24,2024-01-31,L,2.0,3.0,Tottenham,1.6,2.9,33.0,61210.0,Christian Nørgaard,3-5-2,David Coote,9.0,5.0,12.9,0.0,0,0,Brentford,0,17,19.5,2,0
25,2024-02-05,L,1.0,3.0,Manchester City,1.0,2.1,28.0,17096.0,Christian Nørgaard,3-5-2,Jarred Gillett,9.0,2.0,15.3,0.0,0,0,Brentford,1,12,20.0,0,0
26,2024-02-10,W,2.0,0.0,Wolves,1.9,1.0,29.0,30731.0,Christian Nørgaard,3-5-2,Simon Hooper,9.0,6.0,14.0,0.0,0,0,Brentford,0,19,15.0,5,1
27,2024-02-17,L,1.0,4.0,Liverpool,1.6,2.8,38.0,17193.0,Christian Nørgaard,3-5-2,Michael Oliver,15.0,6.0,19.8,3.0,0,0,Brentford,1,10,12.5,5,0
28,2024-02-20,L,0.0,1.0,Manchester City,0.4,2.3,30.0,52247.0,Christian Nørgaard,3-5-2,Darren England,6.0,2.0,19.4,1.0,0,0,Brentford,0,12,19.5,1,0
29,2024-02-26,L,2.0,4.0,West Ham,0.9,1.7,59.0,62450.0,Christian Nørgaard,3-5-2,Simon Hooper,14.0,7.0,16.7,0.0,0,0,Brentford,0,18,20.0,0,0
30,2024-03-02,D,2.0,2.0,Chelsea,1.8,1.8,33.0,17140.0,Christian Nørgaard,3-5-2,Jarred Gillett,14.0,5.0,14.5,0.0,0,0,Brentford,1,6,15.0,5,0
31,2024-03-09,L,1.0,2.0,Arsenal,1.0,1.3,29.0,60331.0,Christian Nørgaard,3-5-2,Robert Jones,9.0,4.0,17.1,0.0,0,0,Brentford,0,0,17.5,5,0
32,2024-03-16,L,1.0,2.0,Burnley,1.1,2.8,40.0,20431.0,Ivan Toney,3-5-2,Darren Bond,9.0,5.0,14.7,0.0,0,0,Brentford,0,5,15.0,5,0
33,2024-03-30,D,1.0,1.0,Manchester Utd,3.2,0.6,47.0,17138.0,Ivan Toney,3-5-2,Simon Hooper,31.0,5.0,15.0,1.0,0,0,Brentford,1,13,20.0,5,0
34,2024-04-03,D,0.0,0.0,Brighton,0.6,1.1,34.0,17024.0,Ivan Toney,3-5-2,Andy Madley,5.0,2.0,17.1,1.0,0,0,Brentford,1,4,19.5,2,0
35,2024-04-06,D,3.0,3.0,Aston Villa,1.5,1.5,31.0,42118.0,Mathias Jensen,3-5-2,Michael Salisbury,8.0,3.0,16.5,2.0,0,0,Brentford,0,1,15.0,5,0
36,2024-04-13,W,2.0,0.0,Sheffield Utd,1.0,0.8,53.0,17115.0,Mathias Jensen,4-3-3,Samuel Barrott,9.0,5.0,18.7,0.0,0,0,Brentford,1,16,15.0,5,1
37,2024-04-20,W,5.0,1.0,Luton Town,3.1,0.6,47.0,11877.0,Mathias Jensen,4-3-3,Jarred Gillett,21.0,9.0,18.0,0.0,0,0,Brentford,0,11,15.0,5,1
38,2024-04-27,L,0.0,1.0,Everton,0.9,0.8,52.0,39098.0,Christian Nørgaard,4-3-3,Darren England,10.0,4.0,16.6,0.0,0,0,Brentford,0,8,17.5,5,0
39,2024-05-04,D,0.0,0.0,Fulham,0.6,1.3,54.0,17090.0,Christian Nørgaard,4-3-3,Graham Scott,7.0,2.0,12.9,0.0,0,0,Brentford,1,9,15.0,5,0
0,2023-08-12,L,1.0,2.0,Arsenal,1.2,0.8,22.0,59984.0,Joe Worrall,3-4-3,Michael Oliver,6.0,2.0,17.3,0.0,0,0,Nott'ham Forest,0,0,12.5,5,0
1,2023-08-18,W,2.0,1.0,Sheffield Utd,1.4,0.5,50.0,29432.0,Joe Worrall,3-4-3,Peter Bankes,16.0,4.0,15.6,0.0,0,0,Nott'ham Forest,1,16,19.75,4,1
2,2023-08-26,L,2.0,3.0,Manchester Utd,1.2,2.8,34.0,73595.0,Joe Worrall,3-4-3,Stuart Attwell,9.0,4.0,14.7,0.0,0,0,Nott'ham Forest,0,13,15.0,5,0
4,2023-09-02,W,1.0,0.0,Chelsea,0.8,2.3,25.0,39820.0,Joe Worrall,3-4-3,Tim Robinson,7.0,3.0,19.0,0.0,0,0,Nott'ham Forest,0,6,15.0,5,1
5,2023-09-18,D,1.0,1.0,Burnley,0.7,0.5,46.0,28958.0,Joe Worrall,4-2-3-1,Robert Jones,14.0,4.0,18.8,0.0,0,0,Nott'ham Forest,1,5,19.75,0,0
6,2023-09-23,L,0.0,2.0,Manchester City,1.0,1.3,43.0,53413.0,Serge Aurier,5-4-1,Anthony Taylor,10.0,3.0,17.8,1.0,0,0,Nott'ham Forest,0,12,15.0,5,0
7,2023-10-01,D,1.0,1.0,Brentford,0.5,1.6,41.0,29004.0,Serge Aurier,4-3-3,Paul Tierney,6.0,1.0,15.4,0.0,0,0,Nott'ham Forest,1,3,14.0,6,0
8,2023-10-07,D,0.0,0.0,Crystal Palace,1.0,0.8,48.0,25017.0,Serge Aurier,4-3-3,Craig Pawson,16.0,5.0,18.4,0.0,0,0,Nott'ham Forest,0,7,17.5,5,0
9,2023-10-21,D,2.0,2.0,Luton Town,2.9,1.7,57.0,29361.0,Serge Aurier,4-3-3,Samuel Barrott,19.0,8.0,11.1,0.0,0,0,Nott'ham Forest,1,11,15.0,5,0
10,2023-10-29,L,0.0,3.0,Liverpool,0.4,3.2,28.0,50143.0,Serge Aurier,5-4-1,Chris Kavanagh,9.0,1.0,15.6,0.0,0,0,Nott'ham Forest,0,10,14.0,6,0
11,2023-11-05,W,2.0,0.0,Aston Villa,0.4,1.2,27.0,29313.0,Morgan Gibbs-White,4-3-3,Jarred Gillett,5.0,3.0,21.1,0.0,0,0,Nott'ham Forest,1,1,14.0,6,1
12,2023-11-12,L,2.0,3.0,West Ham,1.7,1.8,46.0,62470.0,Morgan Gibbs-White,4-3-3,Michael Salisbury,10.0,5.0,15.6,0.0,0,0,Nott'ham Forest,0,18,14.0,6,0
13,2023-11-25,L,2.0,3.0,Brighton,1.9,1.3,47.0,29404.0,Morgan Gibbs-White,4-1-4-1,Anthony Taylor,17.0,4.0,14.7,0.0,1,1,Nott'ham Forest,1,4,15.0,5,0
14,2023-12-02,L,0.0,1.0,Everton,0.7,0.7,61.0,29404.0,Ryan Yates,4-3-3,Paul Tierney,13.0,2.0,16.1,0.0,0,0,Nott'ham Forest,1,8,17.5,5,0
15,2023-12-06,L,0.0,5.0,Fulham,0.3,2.5,37.0,24105.0,Felipe,4-2-3-1,Joshua Smith,4.0,1.0,15.3,0.0,0,0,Nott'ham Forest,0,9,19.5,2,0
16,2023-12-09,D,1.0,1.0,Wolves,1.3,1.2,32.0,31543.0,Ryan Yates,3-5-2,Samuel Barrott,8.0,2.0,12.7,0.0,0,0,Nott'ham Forest,0,19,15.0,5,0
17,2023-12-15,L,0.0,2.0,Tottenham,1.3,1.5,34.0,29296.0,Ryan Yates,3-5-2,Jarred Gillett,15.0,1.0,16.1,0.0,0,0,Nott'ham Forest,1,17,20.0,4,0
18,2023-12-23,L,2.0,3.0,Bournemouth,1.0,1.6,34.0,29188.0,Ryan Yates,4-2-3-1,Robert Jones,11.0,4.0,14.5,0.0,0,0,Nott'ham Forest,1,2,15.0,5,0
19,2023-12-26,W,3.0,1.0,Newcastle Utd,3.5,2.4,38.0,52207.0,Morgan Gibbs-White,4-2-3-1,Chris Kavanagh,15.0,6.0,15.8,0.0,0,0,Nott'ham Forest,0,14,12.5,1,1
20,2023-12-30,W,2.0,1.0,Manchester Utd,0.7,0.8,44.0,29529.0,Ryan Yates,4-2-3-1,Tim Robinson,8.0,2.0,18.3,0.0,0,0,Nott'ham Forest,1,13,17.5,5,1
23,2024-01-20,L,2.0,3.0,Brentford,1.2,1.2,52.0,17077.0,Ryan Yates,4-2-3-1,Darren England,12.0,3.0,20.5,0.0,0,0,Nott'ham Forest,0,3,17.5,5,0
25,2024-01-30,L,1.0,2.0,Arsenal,0.5,1.2,27.0,29387.0,Morgan Gibbs-White,4-2-3-1,Simon Hooper,9.0,3.0,18.7,0.0,0,0,Nott'ham Forest,1,0,19.5,1,0
26,2024-02-04,D,1.0,1.0,Bournemouth,0.5,1.3,55.0,11200.0,Ryan Yates,4-2-3-1,Rebecca Welch,8.0,6.0,19.9,0.0,0,0,Nott'ham Forest,0,2,14.0,6,0
28,2024-02-10,L,2.0,3.0,Newcastle Utd,1.5,0.5,39.0,29451.0,Ryan Yates,4-2-3-1,Anthony Taylor,13.0,3.0,21.8,0.0,0,0,Nott'ham Forest,1,14,17.5,5,0
29,2024-02-17,W,2.0,0.0,West Ham,2.8,0.5,49.0,29490.0,Morgan Gibbs-White,4-2-3-1,Thomas Bramall,19.0,8.0,16.5,0.0,0,0,Nott'ham Forest,1,18,15.0,5,1
30,2024-02-24,L,2.0,4.0,Aston Villa,2.6,3.6,42.0,42131.0,Morgan Gibbs-White,4-2-3-1,Samuel Barrott,10.0,3.0,16.4,0.0,0,0,Nott'ham Forest,0,1,15.0,5,0
32,2024-03-02,L,0.0,1.0,Liverpool,1.0,2.0,31.0,29603.0,Ryan Yates,4-2-3-1,Paul Tierney,8.0,2.0,19.3,0.0,0,0,Nott'ham Forest,1,10,15.0,5,0
33,2024-03-10,L,0.0,1.0,Brighton,0.7,0.4,37.0,31505.0,Ryan Yates,4-3-3,Michael Salisbury,9.0,4.0,19.3,2.0,0,0,Nott'ham Forest,0,4,14.0,6,0
34,2024-03-16,D,1.0,1.0,Luton Town,2.0,0.6,40.0,11630.0,Ryan Yates,4-2-3-1,Darren England,16.0,3.0,22.0,2.0,0,0,Nott'ham Forest,0,11,15.0,5,0
35,2024-03-30,D,1.0,1.0,Crystal Palace,0.9,1.2,59.0,29520.0,Ryan Yates,4-2-3-1,Chris Kavanagh,12.0,5.0,20.5,0.0,0,0,Nott'ham Forest,1,7,15.0,5,0
36,2024-04-02,W,3.0,1.0,Fulham,1.5,1.5,34.0,28997.0,Ryan Yates,4-2-3-1,Michael Oliver,16.0,4.0,18.5,0.0,0,0,Nott'ham Forest,1,9,19.5,1,1
37,2024-04-07,L,1.0,3.0,Tottenham,1.5,1.5,37.0,61098.0,Ryan Yates,4-2-3-1,Simon Hooper,13.0,6.0,22.9,1.0,0,0,Nott'ham Forest,0,17,18.0,6,0
38,2024-04-13,D,2.0,2.0,Wolves,1.9,1.0,46.0,29604.0,Ryan Yates,4-2-3-1,Craig Pawson,18.0,9.0,17.0,0.0,0,0,Nott'ham Forest,1,19,15.0,5,0
39,2024-04-21,L,0.0,2.0,Everton,0.9,0.3,59.0,39239.0,Morgan Gibbs-White,4-2-3-1,Anthony Taylor,8.0,3.0,13.7,0.0,0,0,Nott'ham Forest,0,8,13.5,6,0
40,2024-04-28,L,0.0,2.0,Manchester City,1.9,0.9,34.0,29677.0,Morgan Gibbs-White,5-4-1,Simon Hooper,14.0,2.0,15.0,1.0,0,0,Nott'ham Forest,1,12,16.5,6,0
41,2024-05-04,W,3.0,1.0,Sheffield Utd,1.5,2.2,46.0,28516.0,Ryan Yates,4-2-3-1,Chris Kavanagh,15.0,4.0,17.2,0.0,0,0,Nott'ham Forest,0,16,15.0,5,1
0,2023-08-12,L,1.0,4.0,Brighton,1.5,4.0,30.0,31872.0,Tom Lockyer,3-5-2,David Coote,8.0,2.0,16.6,0.0,1,1,Luton Town,0,4,15.0,5,0
1,2023-08-25,L,0.0,3.0,Chelsea,0.4,2.2,33.0,39893.0,Tom Lockyer,5-3-2,Robert Jones,11.0,1.0,19.0,1.0,0,0,Luton Town,0,6,20.0,4,0
3,2023-09-01,L,1.0,2.0,West Ham,1.4,1.0,39.0,10802.0,Carlton Morris,5-3-2,Paul Tierney,16.0,1.0,11.9,0.0,0,0,Luton Town,1,18,20.0,4,0
4,2023-09-16,L,0.0,1.0,Fulham,1.1,1.0,23.0,24467.0,Tom Lockyer,5-3-2,Michael Salisbury,7.0,2.0,10.0,0.0,0,0,Luton Town,0,9,15.0,5,0
5,2023-09-23,D,1.0,1.0,Wolves,2.1,0.6,57.0,10893.0,Tom Lockyer,3-4-3,Joshua Smith,19.0,3.0,17.3,0.0,1,1,Luton Town,1,19,15.0,5,0
7,2023-09-30,W,2.0,1.0,Everton,0.9,2.9,33.0,39289.0,Tom Lockyer,3-4-3,Anthony Taylor,9.0,2.0,13.4,0.0,0,0,Luton Town,0,8,15.0,5,1
8,2023-10-03,L,1.0,2.0,Burnley,1.3,1.1,49.0,10918.0,Tom Lockyer,3-4-3,Peter Bankes,18.0,2.0,13.1,0.0,0,0,Luton Town,1,5,19.5,1,0
9,2023-10-07,L,0.0,1.0,Tottenham,0.8,1.9,34.0,10290.0,Tom Lockyer,4-4-2,John Brooks,12.0,2.0,16.3,0.0,0,0,Luton Town,1,17,12.5,5,0
10,2023-10-21,D,2.0,2.0,Nott'ham Forest,1.7,2.9,43.0,29361.0,Tom Lockyer,4-4-2,Samuel Barrott,13.0,4.0,17.6,0.0,0,0,Luton Town,0,15,15.0,5,0
11,2023-10-29,L,1.0,3.0,Aston Villa,0.5,2.3,30.0,41785.0,Tom Lockyer,3-4-3,John Brooks,7.0,1.0,17.3,0.0,0,0,Luton Town,0,1,14.0,6,0
12,2023-11-05,D,1.0,1.0,Liverpool,0.8,2.6,27.0,11049.0,Tom Lockyer,3-4-3,Andy Madley,8.0,5.0,17.9,0.0,0,0,Luton Town,1,10,16.5,6,0
13,2023-11-11,L,0.0,1.0,Manchester Utd,0.4,2.2,36.0,73599.0,Tom Lockyer,3-4-3,Graham Scott,10.0,4.0,21.9,1.0,0,0,Luton Town,0,13,15.0,5,0
14,2023-11-25,W,2.0,1.0,Crystal Palace,0.9,1.6,39.0,11029.0,Tom Lockyer,3-4-3,Jarred Gillett,8.0,3.0,14.2,0.0,0,0,Luton Town,1,7,15.0,5,1
15,2023-12-02,L,1.0,3.0,Brentford,0.2,3.1,32.0,17075.0,Tom Lockyer,3-4-3,Anthony Taylor,7.0,1.0,23.8,0.0,0,0,Luton Town,0,3,15.0,5,0
16,2023-12-05,L,3.0,4.0,Arsenal,0.5,2.2,34.0,11031.0,Pelly Ruddock Mpanzu,3-4-3,Samuel Barrott,6.0,4.0,18.8,0.0,0,0,Luton Town,1,0,20.25,1,0
17,2023-12-10,L,1.0,2.0,Manchester City,0.3,1.6,35.0,11047.0,Tom Lockyer,3-4-3,Tim Robinson,4.0,2.0,19.2,0.0,0,0,Luton Town,1,12,14.0,6,0
18,2023-12-23,W,1.0,0.0,Newcastle Utd,1.4,1.4,35.0,11042.0,Amari'i Bell,3-4-3,Darren England,16.0,5.0,19.4,0.0,0,0,Luton Town,1,14,15.0,5,1
19,2023-12-26,W,3.0,2.0,Sheffield Utd,0.6,2.4,49.0,31041.0,Amari'i Bell,3-4-3,Samuel Allison,12.0,4.0,17.9,1.0,0,0,Luton Town,0,16,15.0,1,1
20,2023-12-30,L,2.0,3.0,Chelsea,2.3,1.5,52.0,11041.0,Amari'i Bell,3-4-3,Paul Tierney,15.0,6.0,11.6,1.0,0,0,Luton Town,1,6,12.5,5,0
22,2024-01-12,D,1.0,1.0,Burnley,0.9,1.1,61.0,20155.0,Amari'i Bell,3-4-3,Tony Harrington,14.0,5.0,18.2,0.0,0,0,Luton Town,0,5,19.75,4,0
25,2024-01-30,W,4.0,0.0,Brighton,3.1,0.9,41.0,10994.0,Carlton Morris,3-4-3,Robert Jones,18.0,8.0,13.8,1.0,0,0,Luton Town,1,4,19.75,1,1
26,2024-02-03,D,4.0,4.0,Newcastle Utd,2.4,2.3,45.0,52211.0,Carlton Morris,3-4-3,Thomas Bramall,10.0,7.0,14.0,0.0,1,1,Luton Town,0,14,15.0,5,0
27,2024-02-10,L,1.0,3.0,Sheffield Utd,1.8,1.7,74.0,11138.0,Carlton Morris,3-4-3,Chris Kavanagh,19.0,4.0,17.3,0.0,1,1,Luton Town,1,16,15.0,5,0
28,2024-02-18,L,1.0,2.0,Manchester Utd,1.8,2.9,58.0,11483.0,Carlton Morris,3-4-3,David Coote,22.0,4.0,18.6,1.0,0,0,Luton Town,1,13,16.5,6,0
29,2024-02-21,L,1.0,4.0,Liverpool,0.9,3.3,40.0,59713.0,Carlton Morris,3-4-3,Andy Madley,12.0,3.0,19.0,1.0,0,0,Luton Town,0,10,19.5,2,0
31,2024-03-02,L,2.0,3.0,Aston Villa,1.8,1.9,46.0,11594.0,Carlton Morris,3-4-3,Michael Oliver,14.0,4.0,11.4,1.0,0,0,Luton Town,1,1,17.5,5,0
32,2024-03-09,D,1.0,1.0,Crystal Palace,0.8,2.7,51.0,25103.0,Carlton Morris,3-4-3,Sunny Singh,8.0,2.0,11.9,0.0,0,0,Luton Town,0,7,15.0,5,0
33,2024-03-13,L,3.0,4.0,Bournemouth,2.0,2.3,41.0,11198.0,Carlton Morris,3-4-3,Samuel Allison,8.0,4.0,8.4,0.0,0,0,Luton Town,0,2,19.5,2,0
34,2024-03-16,D,1.0,1.0,Nott'ham Forest,0.6,2.0,60.0,11630.0,Carlton Morris,3-4-3,Darren England,10.0,4.0,18.5,0.0,0,0,Luton Town,1,15,15.0,5,0
35,2024-03-30,L,1.0,2.0,Tottenham,0.5,2.9,30.0,61534.0,Carlton Morris,4-3-3,Jarred Gillett,7.0,3.0,17.7,0.0,0,0,Luton Town,0,17,15.0,5,0
36,2024-04-03,L,0.0,2.0,Arsenal,0.3,0.7,42.0,60262.0,Carlton Morris,3-4-3,Craig Pawson,5.0,1.0,15.9,1.0,0,0,Luton Town,0,0,19.5,2,0
37,2024-04-06,W,2.0,1.0,Bournemouth,1.5,0.4,55.0,11797.0,Carlton Morris,3-4-3,Andy Madley,19.0,9.0,18.2,0.0,0,0,Luton Town,1,2,15.0,5,1
38,2024-04-13,L,1.0,5.0,Manchester City,0.5,4.2,27.0,52149.0,Carlton Morris,3-4-3,John Brooks,4.0,2.0,9.3,0.0,0,0,Luton Town,0,12,15.0,5,0
39,2024-04-20,L,1.0,5.0,Brentford,0.6,3.1,53.0,11877.0,Carlton Morris,3-4-3,Jarred Gillett,6.0,3.0,17.0,0.0,0,0,Luton Town,1,3,15.0,5,0
40,2024-04-27,L,1.0,2.0,Wolves,0.6,1.2,42.0,31531.0,Carlton Morris,3-4-3,David Coote,9.0,6.0,17.4,0.0,0,0,Luton Town,0,19,15.0,5,0
41,2024-05-03,D,1.0,1.0,Everton,0.8,1.4,51.0,11873.0,Carlton Morris,3-4-3,Tim Robinson,18.0,5.0,18.4,0.0,0,0,Luton Town,1,8,20.0,4,0
0,2023-08-11,L,0.0,3.0,Manchester City,0.3,1.9,35.0,21572.0,Josh Cullen,5-4-1,Craig Pawson,6.0,1.0,14.9,0.0,0,0,Burnley,1,12,20.0,4,0
1,2023-08-27,L,1.0,3.0,Aston Villa,0.7,2.5,57.0,21591.0,Josh Cullen,4-4-2,Michael Salisbury,9.0,2.0,17.7,0.0,0,0,Burnley,1,1,14.0,6,0
3,2023-09-02,L,2.0,5.0,Tottenham,1.3,2.2,47.0,21750.0,Josh Cullen,4-4-2,Darren England,16.0,4.0,17.9,1.0,0,0,Burnley,1,17,15.0,5,0
4,2023-09-18,D,1.0,1.0,Nott'ham Forest,0.5,0.7,54.0,28958.0,Josh Brownhill,4-2-3-1,Robert Jones,10.0,3.0,18.9,0.0,0,0,Burnley,0,15,19.75,0,0
5,2023-09-23,L,0.0,1.0,Manchester Utd,1.1,1.0,61.0,21593.0,Josh Brownhill,4-3-3,Tony Harrington,12.0,4.0,15.6,0.0,0,0,Burnley,1,13,20.0,5,0
7,2023-09-30,L,0.0,2.0,Newcastle Utd,0.6,3.1,47.0,51687.0,Josh Brownhill,4-2-3-1,Thomas Bramall,8.0,2.0,16.3,0.0,0,0,Burnley,0,14,15.0,5,0
8,2023-10-03,W,2.0,1.0,Luton Town,1.1,1.3,51.0,10918.0,Josh Brownhill,4-3-3,Peter Bankes,14.0,4.0,20.2,0.0,0,0,Burnley,0,11,19.5,1,1
9,2023-10-07,L,1.0,4.0,Chelsea,0.7,1.9,38.0,21654.0,Josh Brownhill,4-3-3,Stuart Attwell,10.0,3.0,18.2,1.0,0,0,Burnley,1,6,15.0,5,0
10,2023-10-21,L,0.0,3.0,Brentford,1.1,3.1,50.0,17029.0,Josh Cullen,4-2-3-1,Joshua Smith,6.0,1.0,20.2,0.0,0,0,Burnley,0,3,15.0,5,0
11,2023-10-28,L,1.0,2.0,Bournemouth,0.8,1.1,55.0,11152.0,Josh Brownhill,4-3-3,Samuel Barrott,6.0,3.0,18.0,0.0,0,0,Burnley,0,2,15.0,5,0
13,2023-11-04,L,0.0,2.0,Crystal Palace,1.1,1.3,67.0,21578.0,Josh Brownhill,4-4-2,Peter Bankes,17.0,5.0,13.3,0.0,0,0,Burnley,1,7,15.0,5,0
14,2023-11-11,L,1.0,3.0,Arsenal,0.3,1.8,37.0,60232.0,Josh Brownhill,4-4-2,Michael Oliver,8.0,5.0,19.3,0.0,0,0,Burnley,0,0,15.0,5,0
15,2023-11-25,L,1.0,2.0,West Ham,1.3,0.9,50.0,21319.0,Josh Brownhill,4-4-2,Samuel Barrott,10.0,4.0,17.2,0.0,1,1,Burnley,1,18,15.0,5,0
16,2023-12-02,W,5.0,0.0,Sheffield Utd,1.8,0.4,63.0,21478.0,Josh Brownhill,4-4-2,Chris Kavanagh,19.0,7.0,15.9,0.0,0,0,Burnley,1,16,15.0,5,1
17,2023-12-05,L,0.0,1.0,Wolves,0.9,0.8,49.0,30439.0,Josh Brownhill,4-4-2,Jarred Gillett,12.0,3.0,21.9,2.0,0,0,Burnley,0,19,19.5,1,0
18,2023-12-09,D,1.0,1.0,Brighton,0.6,2.6,28.0,31511.0,Josh Brownhill,4-4-2,Simon Hooper,6.0,3.0,12.9,0.0,0,0,Burnley,0,4,15.0,5,0
19,2023-12-16,L,0.0,2.0,Everton,0.7,1.4,61.0,21413.0,Josh Brownhill,4-4-2,Anthony Taylor,14.0,2.0,18.8,1.0,0,0,Burnley,1,8,17.5,5,0
20,2023-12-23,W,2.0,0.0,Fulham,0.4,1.3,34.0,23598.0,Josh Brownhill,4-4-2,Rebecca Welch,7.0,2.0,19.5,0.0,0,0,Burnley,0,9,15.0,5,1
21,2023-12-26,L,0.0,2.0,Liverpool,0.8,1.8,32.0,21624.0,Josh Brownhill,4-4-2,Paul Tierney,9.0,0.0,16.7,0.0,0,0,Burnley,1,10,17.5,1,0
22,2023-12-30,L,2.0,3.0,Aston Villa,1.2,3.2,36.0,41613.0,Josh Brownhill,4-4-2,Stuart Attwell,9.0,5.0,15.4,0.0,0,0,Burnley,0,1,15.0,5,0
24,2024-01-12,D,1.0,1.0,Luton Town,1.1,0.9,39.0,20155.0,Josh Brownhill,4-4-2,Tony Harrington,13.0,7.0,18.8,1.0,0,0,Burnley,1,11,19.75,4,0
25,2024-01-31,L,1.0,3.0,Manchester City,1.4,1.7,26.0,52143.0,Josh Brownhill,4-4-2,Samuel Barrott,8.0,3.0,14.7,0.0,0,0,Burnley,0,12,19.5,2,0
26,2024-02-03,D,2.0,2.0,Fulham,1.8,1.5,44.0,20203.0,Josh Brownhill,4-4-2,Darren Bond,12.0,4.0,15.4,0.0,0,0,Burnley,1,9,15.0,5,0
27,2024-02-10,L,1.0,3.0,Liverpool,1.3,2.8,30.0,59896.0,Josh Brownhill,4-4-2,Tim Robinson,9.0,4.0,17.6,0.0,0,0,Burnley,0,10,15.0,5,0
28,2024-02-17,L,0.0,5.0,Arsenal,0.3,2.3,36.0,21311.0,Josh Brownhill,4-4-2,Jarred Gillett,8.0,0.0,18.6,0.0,0,0,Burnley,1,0,15.0,5,0
29,2024-02-24,L,0.0,3.0,Crystal Palace,0.1,2.4,44.0,24042.0,Josh Brownhill,4-4-2,Lewis Smith,2.0,0.0,12.0,0.0,0,0,Burnley,0,7,15.0,5,0
30,2024-03-03,L,0.0,2.0,Bournemouth,1.5,1.1,74.0,19713.0,Josh Cullen,4-4-2,David Coote,20.0,5.0,18.9,1.0,0,0,Burnley,1,2,13.0,6,0
31,2024-03-10,D,2.0,2.0,West Ham,0.7,2.1,48.0,62441.0,Josh Cullen,4-4-2,Darren England,11.0,4.0,24.8,1.0,0,0,Burnley,0,18,14.0,6,0
32,2024-03-16,W,2.0,1.0,Brentford,2.8,1.1,60.0,20431.0,Josh Cullen,4-4-2,Darren Bond,16.0,5.0,19.2,0.0,1,1,Burnley,1,3,15.0,5,1
33,2024-03-30,D,2.0,2.0,Chelsea,1.6,4.2,31.0,39535.0,Josh Cullen,4-4-2,Darren England,18.0,6.0,14.4,2.0,0,0,Burnley,0,6,15.0,5,0
34,2024-04-02,D,1.0,1.0,Wolves,1.3,0.9,51.0,21528.0,Josh Cullen,4-4-2,Thomas Bramall,13.0,6.0,18.4,0.0,0,0,Burnley,1,19,19.75,1,0
35,2024-04-06,L,0.0,1.0,Everton,0.5,0.9,62.0,39125.0,Josh Cullen,4-4-2,Michael Oliver,6.0,1.0,16.5,1.0,0,0,Burnley,0,8,15.0,5,0
36,2024-04-13,D,1.0,1.0,Brighton,1.7,0.9,45.0,20687.0,Josh Cullen,4-4-2,Simon Hooper,11.0,3.0,17.1,0.0,0,0,Burnley,1,4,15.0,5,0
37,2024-04-20,W,4.0,1.0,Sheffield Utd,2.2,2.4,51.0,28964.0,Josh Cullen,4-4-2,Andy Madley,16.0,9.0,16.0,0.0,0,0,Burnley,0,16,15.0,5,1
38,2024-04-27,D,1.0,1.0,Manchester Utd,2.1,2.7,52.0,73571.0,Josh Cullen,4-4-2,John Brooks,15.0,6.0,19.3,1.0,1,1,Burnley,0,13,15.0,5,0
39,2024-05-04,L,1.0,4.0,Newcastle Utd,1.0,3.4,47.0,21781.0,Josh Brownhill,4-2-3-1,Anthony Taylor,17.0,5.0,18.2,0.0,0,0,Burnley,1,14,15.0,5,0
0,2023-08-12,L,0.0,1.0,Crystal Palace,0.5,1.9,32.0,31194.0,John Egan,3-4-3,John Brooks,8.0,1.0,19.4,0.0,0,0,Sheffield Utd,1,7,15.0,5,0
1,2023-08-18,L,1.0,2.0,Nott'ham Forest,0.5,1.4,50.0,29432.0,John Egan,3-4-3,Peter Bankes,7.0,3.0,18.8,0.0,0,0,Sheffield Utd,0,15,19.75,4,0
2,2023-08-27,L,1.0,2.0,Manchester City,0.7,3.5,21.0,31336.0,John Egan,3-5-2,Jarred Gillett,6.0,1.0,16.1,0.0,0,0,Sheffield Utd,1,12,14.0,6,0
4,2023-09-02,D,2.0,2.0,Everton,1.2,2.5,46.0,31124.0,John Egan,3-5-2,Andy Madley,13.0,7.0,14.1,0.0,0,0,Sheffield Utd,1,8,12.5,5,0
5,2023-09-16,L,1.0,2.0,Tottenham,0.7,2.1,30.0,61706.0,Chris Basham,3-5-2,Peter Bankes,7.0,5.0,17.6,0.0,0,0,Sheffield Utd,0,17,15.0,5,0
6,2023-09-24,L,0.0,8.0,Newcastle Utd,0.9,3.9,42.0,31127.0,John Egan,3-4-3,Stuart Attwell,9.0,1.0,13.7,0.0,0,0,Sheffield Utd,1,14,16.5,6,0
7,2023-09-30,L,0.0,2.0,West Ham,1.1,2.1,48.0,62459.0,John Egan,3-5-2,Graham Scott,16.0,2.0,15.7,0.0,0,0,Sheffield Utd,0,18,15.0,5,0
8,2023-10-07,L,1.0,3.0,Fulham,0.6,2.2,40.0,24361.0,Chris Basham,3-5-2,Samuel Barrott,5.0,2.0,16.6,0.0,0,0,Sheffield Utd,0,9,15.0,5,0
9,2023-10-21,L,1.0,2.0,Manchester Utd,1.4,1.1,38.0,31543.0,Oliver Norwood,4-4-2,Michael Oliver,11.0,5.0,25.8,0.0,1,1,Sheffield Utd,1,13,20.0,5,0
10,2023-10-28,L,0.0,5.0,Arsenal,0.0,2.8,33.0,60153.0,Oliver Norwood,4-4-2,Tim Robinson,2.0,0.0,39.9,0.0,0,0,Sheffield Utd,0,0,15.0,5,0
11,2023-11-04,W,2.0,1.0,Wolves,1.0,1.2,39.0,29454.0,Oliver Norwood,3-4-1-2,Robert Jones,10.0,1.0,27.6,1.0,1,1,Sheffield Utd,1,19,15.0,5,1
12,2023-11-12,D,1.0,1.0,Brighton,1.1,1.5,39.0,31367.0,Oliver Norwood,3-4-3,John Brooks,9.0,1.0,19.3,0.0,0,0,Sheffield Utd,0,4,14.0,6,0
13,2023-11-25,L,1.0,3.0,Bournemouth,0.8,2.9,46.0,30208.0,Oliver Norwood,3-4-3,Andy Madley,10.0,2.0,14.9,0.0,0,0,Sheffield Utd,1,2,15.0,5,0
14,2023-12-02,L,0.0,5.0,Burnley,0.4,1.8,37.0,21478.0,Oliver Norwood,3-4-3,Chris Kavanagh,6.0,3.0,18.9,0.0,0,0,Sheffield Utd,0,5,15.0,5,0
15,2023-12-06,L,0.0,2.0,Liverpool,1.0,1.7,25.0,31406.0,Anel Ahmedhodžić,3-4-3,Simon Hooper,6.0,1.0,14.6,1.0,0,0,Sheffield Utd,1,10,19.5,2,0
16,2023-12-09,W,1.0,0.0,Brentford,0.8,0.6,41.0,28509.0,Anel Ahmedhodžić,4-1-4-1,Stuart Attwell,9.0,4.0,21.7,0.0,0,0,Sheffield Utd,1,3,15.0,5,1
17,2023-12-16,L,0.0,2.0,Chelsea,0.4,3.1,22.0,39599.0,Anel Ahmedhodžić,4-1-4-1,Andy Madley,6.0,1.0,19.7,1.0,0,0,Sheffield Utd,0,6,15.0,5,0
18,2023-12-22,D,1.0,1.0,Aston Villa,0.6,0.9,23.0,41651.0,Jack Robinson,3-4-3,Anthony Taylor,5.0,2.0,19.7,0.0,0,0,Sheffield Utd,0,1,20.0,4,0
19,2023-12-26,L,2.0,3.0,Luton Town,2.4,0.6,51.0,31041.0,Anel Ahmedhodžić,4-4-2,Samuel Allison,21.0,4.0,16.3,1.0,0,0,Sheffield Utd,1,11,15.0,1,0
20,2023-12-30,L,0.0,2.0,Manchester City,0.3,2.2,20.0,53108.0,Jack Robinson,3-4-3,David Coote,4.0,2.0,14.9,0.0,0,0,Sheffield Utd,0,12,15.0,5,0
22,2024-01-21,D,2.0,2.0,West Ham,2.5,2.3,57.0,29164.0,Anel Ahmedhodžić,4-1-4-1,Michael Salisbury,20.0,5.0,18.5,1.0,1,1,Sheffield Utd,1,18,14.0,6,0
24,2024-01-30,L,2.0,3.0,Crystal Palace,0.8,1.1,47.0,24781.0,Anel Ahmedhodžić,4-1-4-1,Tony Harrington,9.0,5.0,16.5,0.0,0,0,Sheffield Utd,0,7,20.0,1,0
25,2024-02-03,L,0.0,5.0,Aston Villa,1.4,2.2,37.0,30187.0,Anel Ahmedhodžić,5-4-1,Paul Tierney,10.0,4.0,10.0,0.0,0,0,Sheffield Utd,1,1,17.5,5,0
26,2024-02-10,W,3.0,1.0,Luton Town,1.7,1.8,26.0,11138.0,Anel Ahmedhodžić,5-4-1,Chris Kavanagh,6.0,2.0,22.4,0.0,1,1,Sheffield Utd,0,11,15.0,5,1
27,2024-02-18,L,0.0,5.0,Brighton,0.6,2.9,21.0,29522.0,Anel Ahmedhodžić,3-5-1-1,Stuart Attwell,6.0,1.0,18.7,0.0,0,0,Sheffield Utd,1,4,14.0,6,0
28,2024-02-25,L,0.0,1.0,Wolves,0.6,1.3,37.0,30789.0,Anel Ahmedhodžić,3-5-2,Darren Bond,12.0,4.0,16.3,0.0,0,0,Sheffield Utd,0,19,13.5,6,0
29,2024-03-04,L,0.0,6.0,Arsenal,0.2,2.3,20.0,29157.0,Anel Ahmedhodžić,4-5-1,Samuel Barrott,4.0,0.0,21.8,0.0,0,0,Sheffield Utd,1,0,20.0,0,0
30,2024-03-09,D,2.0,2.0,Bournemouth,1.2,3.3,31.0,11074.0,Jack Robinson,3-5-2,Anthony Taylor,13.0,9.0,14.3,0.0,0,0,Sheffield Utd,0,2,15.0,5,0
31,2024-03-30,D,3.0,3.0,Fulham,1.9,1.3,27.0,30010.0,Jack Robinson,3-5-2,Tim Robinson,8.0,4.0,15.7,0.0,0,0,Sheffield Utd,1,9,15.0,5,0
32,2024-04-04,L,1.0,3.0,Liverpool,0.6,1.8,18.0,60055.0,Jack Robinson,3-5-2,Stuart Attwell,5.0,3.0,13.6,1.0,0,0,Sheffield Utd,0,10,19.5,3,0
33,2024-04-07,D,2.0,2.0,Chelsea,1.4,0.3,32.0,28638.0,Jack Robinson,3-5-2,Robert Jones,11.0,5.0,15.2,0.0,0,0,Sheffield Utd,1,6,17.5,6,0
34,2024-04-13,L,0.0,2.0,Brentford,0.8,1.0,47.0,17115.0,Oliver McBurnie,3-5-2,Samuel Barrott,8.0,2.0,15.1,0.0,0,0,Sheffield Utd,0,3,15.0,5,0
35,2024-04-20,L,1.0,4.0,Burnley,2.4,2.2,49.0,28964.0,Oliver McBurnie,4-2-3-1,Andy Madley,18.0,11.0,14.9,0.0,0,0,Sheffield Utd,1,5,15.0,5,0
36,2024-04-24,L,2.0,4.0,Manchester Utd,0.8,2.9,29.0,73549.0,Oliver Arblaster,3-5-2,Michael Salisbury,10.0,4.0,17.8,1.0,0,0,Sheffield Utd,0,13,20.0,2,0
37,2024-04-27,L,1.0,5.0,Newcastle Utd,1.5,3.1,40.0,52196.0,Oliver Arblaster,3-5-2,Tony Harrington,15.0,4.0,13.5,0.0,0,0,Sheffield Utd,0,14,15.0,5,0
38,2024-05-04,L,1.0,3.0,Nott'ham Forest,2.2,1.5,54.0,28516.0,Jack Robinson,3-5-2,Chris Kavanagh,16.0,4.0,18.0,0.0,1,1,Sheffield Utd,1,15,15.0,5,0
